ts_code,trade_date,pre_close,open,high,low,close,change,pct_chg,vol,amount
561560.SH,20260508,1.393,1.393,1.417,1.386,1.394,0.001,0.0718,586719.0,82175.449
561560.SH,20260507,1.374,1.38,1.397,1.378,1.393,0.019,1.3828,607464.0,84280.612
561560.SH,20260506,1.346,1.347,1.376,1.347,1.374,0.028,2.0802,713559.0,97178.375
561560.SH,20260430,1.364,1.36,1.36,1.339,1.346,-0.018,-1.3196,713809.0,96049.236
561560.SH,20260429,1.36,1.352,1.371,1.348,1.364,0.004,0.2941,527723.0,71922.794
561560.SH,20260428,1.354,1.35,1.366,1.339,1.36,0.006,0.4431,541542.0,73180.293
561560.SH,20260427,1.36,1.355,1.364,1.339,1.354,-0.006,-0.4412,716750.0,97067.064
561560.SH,20260424,1.382,1.381,1.381,1.358,1.36,-0.022,-1.5919,842450.0,115202.222
561560.SH,20260423,1.361,1.36,1.387,1.348,1.382,0.021,1.543,919706.0,126057.876
561560.SH,20260422,1.359,1.36,1.367,1.352,1.361,0.002,0.1472,907194.0,123564.959
561560.SH,20260421,1.345,1.345,1.368,1.334,1.359,0.014,1.0409,1025082.0,138350.994
561560.SH,20260420,1.329,1.331,1.345,1.328,1.345,0.016,1.2039,555750.95,74373.727
561560.SH,20260417,1.331,1.331,1.341,1.325,1.329,-0.002,-0.1503,512738.0,68323.092
561560.SH,20260416,1.327,1.332,1.334,1.318,1.331,0.004,0.3014,563319.0,74783.397
561560.SH,20260415,1.32,1.321,1.33,1.31,1.327,0.007,0.5303,775776.0,102453.867
561560.SH,20260414,1.317,1.319,1.329,1.31,1.32,0.003,0.2278,769622.0,101409.107
561560.SH,20260413,1.307,1.306,1.318,1.299,1.317,0.01,0.7651,526682.0,68892.533
561560.SH,20260410,1.306,1.308,1.312,1.301,1.307,0.001,0.0766,722088.0,94398.918
561560.SH,20260409,1.318,1.311,1.311,1.301,1.306,-0.012,-0.9105,397341.0,51849.968
561560.SH,20260408,1.292,1.299,1.319,1.299,1.318,0.026,2.0124,592086.0,77435.324
561560.SH,20260407,1.292,1.292,1.301,1.285,1.292,0.0,0.0,421918.0,54506.666
561560.SH,20260403,1.327,1.326,1.326,1.29,1.292,-0.035,-2.6375,1060871.0,137507.119
561560.SH,20260402,1.338,1.338,1.341,1.316,1.327,-0.011,-0.8221,640578.0,84966.383
561560.SH,20260401,1.338,1.345,1.35,1.33,1.338,0.0,0.0,636579.0,85072.653
561560.SH,20260331,1.374,1.361,1.377,1.338,1.338,-0.036,-2.6201,676072.0,91730.468
561560.SH,20260330,1.426,1.411,1.415,1.364,1.374,-0.052,-3.6466,897912.0,123746.136
561560.SH,20260327,1.441,1.419,1.438,1.412,1.426,-0.015,-1.0409,1093213.0,155555.623
561560.SH,20260326,1.455,1.442,1.459,1.42,1.441,-0.014,-0.9622,1250902.0,179522.334
561560.SH,20260325,1.409,1.407,1.465,1.39,1.455,0.046,3.2647,2247427.0,323761.252
561560.SH,20260324,1.356,1.368,1.41,1.357,1.409,0.053,3.9086,1730970.0,240348.171
561560.SH,20260323,1.388,1.374,1.396,1.35,1.356,-0.032,-2.3055,1634927.0,223395.45
561560.SH,20260320,1.384,1.376,1.415,1.374,1.388,0.004,0.289,688869.0,96140.658
561560.SH,20260319,1.384,1.379,1.4,1.371,1.384,0.0,0.0,632990.0,87808.441
561560.SH,20260318,1.381,1.377,1.405,1.371,1.384,0.003,0.2172,747984.0,103822.28
561560.SH,20260317,1.391,1.388,1.408,1.375,1.381,-0.01,-0.7189,2803249.0,389665.93
561560.SH,20260316,1.43,1.422,1.431,1.384,1.391,-0.039,-2.7273,1563357.0,219047.234
561560.SH,20260313,1.461,1.463,1.466,1.426,1.43,-0.031,-2.1218,1909828.59,275006.478
561560.SH,20260312,1.427,1.43,1.466,1.426,1.461,0.034,2.3826,3274395.0,476202.755
561560.SH,20260311,1.389,1.39,1.429,1.373,1.427,0.038,2.7358,4307495.0,610698.429
561560.SH,20260310,1.388,1.389,1.404,1.372,1.389,0.001,0.072,4162122.69,579077.694
561560.SH,20260309,1.378,1.378,1.404,1.378,1.388,0.01,0.7257,1539568.31,214474.744
561560.SH,20260306,1.361,1.362,1.38,1.354,1.378,0.017,1.2491,839611.0,115148.483
561560.SH,20260305,1.338,1.34,1.366,1.34,1.361,0.023,1.719,814925.59,110507.083
561560.SH,20260304,1.329,1.328,1.346,1.309,1.338,0.009,0.6772,796540.0,106320.04
561560.SH,20260303,1.345,1.346,1.349,1.325,1.329,-0.016,-1.1896,984533.0,131627.651
561560.SH,20260302,1.323,1.322,1.347,1.317,1.345,0.022,1.6629,1613270.0,215463.463
561560.SH,20260227,1.289,1.289,1.327,1.286,1.323,0.034,2.6377,739766.0,96975.042
561560.SH,20260226,1.272,1.272,1.289,1.271,1.289,0.017,1.3365,1322673.0,169955.582
561560.SH,20260225,1.266,1.268,1.284,1.266,1.272,0.006,0.4739,1489284.0,190606.171
561560.SH,20260224,1.243,1.248,1.267,1.248,1.266,0.023,1.8504,449685.0,56768.382
561560.SH,20260213,1.258,1.257,1.257,1.241,1.243,-0.015,-1.1924,375805.0,46842.115
561560.SH,20260212,1.248,1.254,1.26,1.248,1.258,0.01,0.8013,354895.0,44552.37
561560.SH,20260211,1.246,1.248,1.252,1.246,1.248,0.002,0.1605,203382.01,25403.346
561560.SH,20260210,1.253,1.253,1.253,1.243,1.246,-0.007,-0.5587,210527.0,26224.7
561560.SH,20260209,1.245,1.251,1.257,1.249,1.253,0.008,0.6426,293444.0,36772.734
561560.SH,20260206,1.242,1.235,1.25,1.234,1.245,0.003,0.2415,249354.0,31055.248
561560.SH,20260205,1.256,1.257,1.258,1.236,1.242,-0.014,-1.1146,291312.0,36223.967
561560.SH,20260204,1.24,1.239,1.257,1.236,1.256,0.016,1.2903,482596.0,60290.094
561560.SH,20260203,1.233,1.233,1.242,1.228,1.24,0.007,0.5677,287918.0,35520.226
561560.SH,20260202,1.245,1.245,1.256,1.23,1.233,-0.012,-0.9639,434601.55,54070.405
561560.SH,20260130,1.251,1.248,1.251,1.23,1.245,-0.006,-0.4796,396911.36,49362.186
561560.SH,20260129,1.254,1.253,1.253,1.242,1.251,-0.003,-0.2392,379396.36,47286.578
561560.SH,20260128,1.257,1.252,1.259,1.246,1.254,-0.003,-0.2387,455925.0,57133.298
561560.SH,20260127,1.272,1.273,1.273,1.246,1.257,-0.015,-1.1792,455182.36,57079.294
561560.SH,20260126,1.27,1.27,1.276,1.262,1.272,0.002,0.1575,876076.0,111363.527
561560.SH,20260123,1.264,1.266,1.273,1.265,1.27,0.006,0.4747,479636.0,60906.262
561560.SH,20260122,1.265,1.265,1.269,1.26,1.264,-0.001,-0.0791,451806.45,57102.467
561560.SH,20260121,1.277,1.278,1.28,1.262,1.265,-0.012,-0.9397,745766.0,94509.673
561560.SH,20260120,1.264,1.265,1.278,1.26,1.277,0.013,1.0285,881462.0,111934.281
561560.SH,20260119,1.248,1.242,1.269,1.242,1.264,0.016,1.2821,962152.0,121409.622
561560.SH,20260116,1.247,1.271,1.277,1.245,1.248,0.001,0.0802,709147.0,89373.098
561560.SH,20260115,1.251,1.25,1.251,1.243,1.247,-0.004,-0.3197,371249.95,46282.516
561560.SH,20260114,1.254,1.259,1.263,1.245,1.251,-0.003,-0.2392,490284.0,61618.44
561560.SH,20260113,1.254,1.256,1.265,1.246,1.254,0.0,0.0,488154.0,61234.251
561560.SH,20260112,1.242,1.242,1.255,1.24,1.254,0.012,0.9662,320115.0,39917.852
561560.SH,20260109,1.24,1.24,1.243,1.237,1.242,0.002,0.1613,374875.0,46495.029
561560.SH,20260108,1.239,1.237,1.247,1.233,1.24,0.001,0.0807,384045.0,47641.237
561560.SH,20260107,1.233,1.232,1.242,1.231,1.239,0.006,0.4866,1095028.0,135376.859
561560.SH,20260106,1.222,1.227,1.233,1.224,1.233,0.011,0.9002,395219.0,48604.129
561560.SH,20260105,1.213,1.213,1.222,1.212,1.222,0.009,0.742,324247.0,39455.758
561560.SH,20251231,1.218,1.218,1.218,1.21,1.213,-0.005,-0.4105,238304.0,28917.928
561560.SH,20251230,1.231,1.229,1.229,1.216,1.218,-0.013,-1.0561,359411.0,43845.396
561560.SH,20251229,1.259,1.259,1.259,1.23,1.231,-0.028,-2.224,425671.0,52701.218
561560.SH,20251226,1.25,1.25,1.259,1.247,1.259,0.009,0.72,271936.0,34069.275
561560.SH,20251225,1.249,1.249,1.252,1.245,1.25,0.001,0.0801,236369.0,29530.62
561560.SH,20251224,1.243,1.241,1.249,1.238,1.249,0.006,0.4827,236638.0,29417.038
561560.SH,20251223,1.241,1.241,1.25,1.241,1.243,0.002,0.1612,307841.0,38332.785
561560.SH,20251222,1.242,1.243,1.245,1.24,1.241,-0.001,-0.0805,217863.0,27058.931
561560.SH,20251219,1.24,1.239,1.247,1.237,1.242,0.002,0.1613,260630.0,32379.8
561560.SH,20251218,1.237,1.236,1.242,1.234,1.24,0.003,0.2425,244032.0,30224.578
561560.SH,20251217,1.235,1.23,1.241,1.227,1.237,0.002,0.1619,280509.0,34579.247
561560.SH,20251216,1.25,1.248,1.248,1.23,1.235,-0.015,-1.2,349361.0,43118.986
561560.SH,20251215,1.251,1.249,1.254,1.247,1.25,-0.001,-0.0799,181073.95,22648.717
561560.SH,20251212,1.239,1.241,1.251,1.238,1.251,0.012,0.9685,322514.0,40121.073
561560.SH,20251211,1.245,1.248,1.251,1.237,1.239,-0.006,-0.4819,309496.0,38526.846
561560.SH,20251210,1.242,1.238,1.246,1.238,1.245,0.003,0.2415,291462.0,36223.961
561560.SH,20251209,1.247,1.247,1.252,1.24,1.242,-0.005,-0.401,313150.0,39002.146
561560.SH,20251208,1.252,1.247,1.254,1.244,1.247,-0.005,-0.3994,345888.0,43130.253
561560.SH,20251205,1.248,1.248,1.252,1.243,1.252,0.004,0.3205,283201.32,35342.699
561560.SH,20251204,1.252,1.252,1.254,1.244,1.248,-0.004,-0.3195,281589.0,35146.54
561560.SH,20251203,1.246,1.247,1.257,1.246,1.252,0.006,0.4815,342184.0,42877.46
561560.SH,20251202,1.249,1.249,1.252,1.243,1.246,-0.003,-0.2402,395429.36,49337.7
561560.SH,20251201,1.246,1.246,1.251,1.242,1.249,0.003,0.2408,352770.0,43972.208
561560.SH,20251128,1.246,1.243,1.247,1.236,1.246,0.0,0.0,328616.0,40829.555
561560.SH,20251127,1.24,1.24,1.251,1.238,1.246,0.006,0.4839,351249.0,43736.259
561560.SH,20251126,1.241,1.244,1.246,1.238,1.24,-0.001,-0.0806,322954.0,40080.956
561560.SH,20251125,1.232,1.236,1.242,1.231,1.241,0.009,0.7305,326991.0,40470.037
561560.SH,20251124,1.236,1.24,1.242,1.225,1.232,-0.004,-0.3236,427516.0,52646.684
561560.SH,20251121,1.264,1.255,1.26,1.234,1.236,-0.028,-2.2152,497517.0,62046.662
561560.SH,20251120,1.268,1.266,1.275,1.263,1.264,-0.004,-0.3155,480398.0,60982.423
561560.SH,20251119,1.267,1.267,1.272,1.262,1.268,0.001,0.0789,372244.36,47188.476
561560.SH,20251118,1.284,1.284,1.284,1.262,1.267,-0.017,-1.324,398011.0,50604.672
561560.SH,20251117,1.293,1.288,1.29,1.27,1.284,-0.009,-0.6961,515454.0,65883.055
561560.SH,20251114,1.302,1.299,1.304,1.293,1.293,-0.009,-0.6912,462644.0,60042.696
561560.SH,20251113,1.31,1.305,1.311,1.298,1.302,-0.008,-0.6107,1198101.0,155856.435
561560.SH,20251112,1.316,1.321,1.322,1.303,1.31,-0.006,-0.4559,482799.0,63217.202
561560.SH,20251111,1.32,1.321,1.324,1.312,1.316,-0.004,-0.303,508388.0,66881.235
561560.SH,20251110,1.317,1.32,1.324,1.314,1.32,0.003,0.2278,567967.58,74871.584
561560.SH,20251107,1.318,1.313,1.328,1.312,1.317,-0.001,-0.0759,858813.0,113349.186
561560.SH,20251106,1.307,1.317,1.33,1.31,1.318,0.011,0.8416,691051.0,91349.624
561560.SH,20251105,1.296,1.296,1.311,1.284,1.307,0.011,0.8488,871600.0,113664.92
561560.SH,20251104,1.295,1.296,1.306,1.292,1.296,0.001,0.0772,985986.0,128044.379
561560.SH,20251103,1.286,1.284,1.296,1.284,1.295,0.009,0.6998,403861.0,52135.213
561560.SH,20251031,1.311,1.311,1.316,1.285,1.286,-0.025,-1.9069,732658.0,94684.843
561560.SH,20251030,1.31,1.311,1.318,1.304,1.311,0.001,0.0763,520261.1,68193.275
561560.SH,20251029,1.29,1.292,1.31,1.284,1.31,0.02,1.5504,446089.0,58035.817
561560.SH,20251028,1.295,1.299,1.299,1.286,1.29,-0.005,-0.3861,484767.0,62649.069
561560.SH,20251027,1.273,1.266,1.304,1.266,1.295,0.022,1.7282,889186.0,114905.837
561560.SH,20251024,1.278,1.272,1.278,1.266,1.273,-0.005,-0.3912,430724.0,54727.712
561560.SH,20251023,1.263,1.262,1.279,1.261,1.278,0.015,1.1876,636829.22,81068.815
561560.SH,20251022,1.268,1.268,1.268,1.261,1.263,-0.005,-0.3943,272502.0,34481.914
561560.SH,20251021,1.262,1.26,1.269,1.251,1.268,0.006,0.4754,385291.0,48694.231
561560.SH,20251020,1.257,1.26,1.264,1.243,1.262,0.005,0.3978,1121522.0,140374.046
561560.SH,20251017,1.272,1.275,1.276,1.254,1.257,-0.015,-1.1792,541787.09,68526.533
561560.SH,20251016,1.273,1.278,1.278,1.265,1.272,-0.001,-0.0786,451747.0,57406.154
561560.SH,20251015,1.271,1.275,1.277,1.257,1.273,0.002,0.1574,596990.0,75691.966
561560.SH,20251014,1.266,1.259,1.282,1.259,1.271,0.005,0.3949,962805.0,122431.822
561560.SH,20251013,1.272,1.25,1.268,1.24,1.266,-0.006,-0.4717,624948.26,78694.392
561560.SH,20251010,1.264,1.266,1.273,1.255,1.272,0.008,0.6329,614488.0,77753.163
561560.SH,20251009,1.222,1.23,1.265,1.228,1.264,0.042,3.437,529916.11,66184.672
561560.SH,20250930,1.221,1.218,1.223,1.213,1.222,0.001,0.0819,266949.0,32519.226
561560.SH,20250929,1.218,1.222,1.223,1.21,1.221,0.003,0.2463,268970.0,32698.842
561560.SH,20250926,1.208,1.208,1.22,1.208,1.218,0.01,0.8278,282492.26,34373.302
561560.SH,20250925,1.212,1.212,1.215,1.203,1.208,-0.004,-0.33,243055.0,29361.619
561560.SH,20250924,1.211,1.212,1.214,1.204,1.212,0.001,0.0826,266317.0,32187.344
561560.SH,20250923,1.207,1.208,1.215,1.198,1.211,0.004,0.3314,342868.0,41324.977
561560.SH,20250922,1.216,1.215,1.217,1.201,1.207,-0.009,-0.7401,325585.0,39242.089
561560.SH,20250919,1.22,1.22,1.222,1.213,1.216,-0.004,-0.3279,249203.0,30317.174
561560.SH,20250918,1.235,1.235,1.237,1.213,1.22,-0.015,-1.2146,290739.0,35694.577
561560.SH,20250917,1.23,1.227,1.238,1.226,1.235,0.005,0.4065,307873.0,37927.982
561560.SH,20250916,1.239,1.239,1.243,1.224,1.23,-0.009,-0.7264,330871.0,40684.746
561560.SH,20250915,1.242,1.242,1.252,1.238,1.239,-0.003,-0.2415,329405.0,41009.835
561560.SH,20250912,1.248,1.25,1.251,1.239,1.242,-0.006,-0.4808,528282.0,65774.943
561560.SH,20250911,1.237,1.238,1.248,1.231,1.248,0.011,0.8892,374311.0,46351.693
561560.SH,20250910,1.245,1.24,1.242,1.23,1.237,-0.008,-0.6426,225437.0,27817.621
561560.SH,20250909,1.247,1.248,1.253,1.241,1.245,-0.002,-0.1604,341278.0,42545.418
561560.SH,20250908,1.231,1.229,1.249,1.228,1.247,0.016,1.2998,428537.74,53326.416
561560.SH,20250905,1.216,1.215,1.231,1.208,1.231,0.015,1.2336,352618.0,43033.037
561560.SH,20250904,1.213,1.213,1.217,1.207,1.216,0.003,0.2473,319280.0,38717.981
561560.SH,20250903,1.232,1.23,1.234,1.21,1.213,-0.019,-1.5422,271629.2,33113.189
561560.SH,20250902,1.221,1.22,1.232,1.218,1.232,0.011,0.9009,399421.0,48998.428
561560.SH,20250901,1.215,1.212,1.222,1.208,1.221,0.006,0.4938,470132.0,57280.757
561560.SH,20250829,1.217,1.216,1.23,1.211,1.215,-0.002,-0.1643,406332.0,49577.044
561560.SH,20250828,1.219,1.212,1.222,1.198,1.217,-0.002,-0.1641,451676.0,54744.831
561560.SH,20250827,1.231,1.232,1.246,1.218,1.219,-0.012,-0.9748,656105.0,81098.945
561560.SH,20250826,1.236,1.237,1.239,1.231,1.231,-0.005,-0.4045,401682.0,49541.223
561560.SH,20250825,1.223,1.223,1.237,1.223,1.236,0.013,1.063,600684.0,73948.343
561560.SH,20250822,1.22,1.223,1.224,1.21,1.223,0.003,0.2459,565990.0,68785.47
561560.SH,20250821,1.209,1.212,1.222,1.208,1.22,0.011,0.9098,618481.0,75335.008
561560.SH,20250820,1.207,1.203,1.209,1.2,1.209,0.002,0.1657,551528.0,66391.755
561560.SH,20250819,1.204,1.205,1.211,1.204,1.207,0.003,0.2492,566847.0,68451.616
561560.SH,20250818,1.198,1.198,1.207,1.198,1.204,0.006,0.5008,559422.0,67311.773
561560.SH,20250815,1.194,1.19,1.199,1.188,1.198,0.004,0.335,446805.0,53427.684
561560.SH,20250814,1.199,1.199,1.203,1.192,1.194,-0.005,-0.417,530132.0,63485.779
561560.SH,20250813,1.203,1.203,1.204,1.198,1.199,-0.004,-0.3325,458724.0,55047.143
561560.SH,20250812,1.202,1.2,1.203,1.199,1.203,0.001,0.0832,391135.0,46978.191
561560.SH,20250811,1.207,1.205,1.207,1.194,1.202,-0.005,-0.4143,446788.44,53552.037
561560.SH,20250808,1.198,1.198,1.21,1.197,1.207,0.009,0.7513,474578.0,57211.254
561560.SH,20250807,1.197,1.197,1.199,1.192,1.198,0.001,0.0835,378794.0,45272.827
561560.SH,20250806,1.197,1.198,1.2,1.192,1.197,0.0,0.0,399984.04,47802.884
561560.SH,20250805,1.193,1.193,1.197,1.189,1.197,0.004,0.3353,339526.0,40535.951
561560.SH,20250804,1.19,1.19,1.194,1.184,1.193,0.003,0.2521,341105.0,40559.519
561560.SH,20250801,1.193,1.19,1.193,1.186,1.19,-0.003,-0.2515,338612.96,40290.961
561560.SH,20250731,1.214,1.21,1.21,1.187,1.193,-0.021,-1.7298,582149.0,69481.978
561560.SH,20250730,1.206,1.207,1.22,1.205,1.214,0.008,0.6633,580645.0,70439.149
561560.SH,20250729,1.206,1.206,1.208,1.198,1.206,0.0,0.0,324318.0,38965.646
561560.SH,20250728,1.208,1.208,1.209,1.202,1.206,-0.002,-0.1656,371857.0,44817.301
561560.SH,20250725,1.22,1.219,1.221,1.207,1.208,-0.012,-0.9836,436842.0,53024.524
561560.SH,20250724,1.216,1.213,1.22,1.205,1.22,0.004,0.3289,431132.0,52304.481
561560.SH,20250723,1.227,1.235,1.241,1.215,1.216,-0.011,-0.8965,564627.0,69211.793
561560.SH,20250722,1.216,1.216,1.227,1.21,1.227,0.011,0.9046,540879.0,65856.392
561560.SH,20250721,1.202,1.206,1.216,1.206,1.216,0.014,1.1647,579000.0,70111.036
561560.SH,20250718,1.197,1.199,1.203,1.195,1.202,0.005,0.4177,497651.0,59656.08
561560.SH,20250717,1.201,1.203,1.203,1.194,1.197,-0.004,-0.3331,435459.0,52104.019
561560.SH,20250716,1.203,1.201,1.206,1.198,1.201,-0.002,-0.1663,434895.0,52253.094
561560.SH,20250715,1.222,1.222,1.222,1.198,1.203,-0.019,-1.5548,604732.0,72795.708
561560.SH,20250714,1.212,1.212,1.227,1.21,1.222,0.01,0.8251,389743.0,47678.045
561560.SH,20250711,1.211,1.207,1.215,1.204,1.212,0.001,0.0826,447849.0,54160.952
561560.SH,20250710,1.211,1.211,1.219,1.207,1.211,0.0,0.0,413543.0,50119.734
561560.SH,20250709,1.215,1.21,1.221,1.209,1.211,-0.004,-0.3292,434476.0,52782.654
561560.SH,20250708,1.22,1.22,1.221,1.203,1.215,-0.005,-0.4098,524623.0,63438.661
561560.SH,20250707,1.197,1.208,1.22,1.198,1.22,0.023,1.9215,676584.0,81748.833
561560.SH,20250704,1.187,1.185,1.2,1.185,1.197,0.01,0.8425,586984.0,70242.908
561560.SH,20250703,1.186,1.187,1.188,1.179,1.187,0.001,0.0843,338502.0,40049.122
561560.SH,20250702,1.185,1.181,1.189,1.181,1.186,0.001,0.0844,429163.0,50890.828
561560.SH,20250701,1.172,1.171,1.186,1.171,1.185,0.013,1.1092,498487.07,58856.492
561560.SH,20250630,1.169,1.169,1.175,1.168,1.172,0.003,0.2566,258845.0,30309.255
561560.SH,20250627,1.177,1.177,1.18,1.166,1.169,-0.008,-0.6797,459650.0,53887.384
561560.SH,20250626,1.178,1.18,1.183,1.177,1.177,-0.001,-0.0849,408269.0,48179.535
561560.SH,20250625,1.169,1.168,1.179,1.166,1.178,0.009,0.7699,380337.0,44616.493
561560.SH,20250624,1.165,1.165,1.17,1.161,1.169,0.004,0.3433,324368.0,37855.687
561560.SH,20250623,1.167,1.165,1.165,1.158,1.165,-0.002,-0.1714,361873.0,42023.995
561560.SH,20250620,1.171,1.168,1.174,1.165,1.167,-0.004,-0.3416,283692.0,33166.424
561560.SH,20250619,1.185,1.182,1.187,1.166,1.171,-0.014,-1.1814,445451.0,52220.681
561560.SH,20250618,1.182,1.181,1.188,1.181,1.185,0.003,0.2538,459098.0,54385.393
561560.SH,20250617,1.173,1.17,1.182,1.168,1.182,0.009,0.7673,438064.0,51490.003
561560.SH,20250616,1.174,1.172,1.175,1.168,1.173,-0.001,-0.0852,274908.0,32195.601
561560.SH,20250613,1.168,1.166,1.177,1.166,1.174,0.006,0.5137,527444.0,61903.281
561560.SH,20250612,1.174,1.176,1.176,1.165,1.168,-0.006,-0.5111,351333.0,41028.173
561560.SH,20250611,1.171,1.171,1.177,1.167,1.174,0.003,0.2562,385816.0,45241.307
561560.SH,20250610,1.172,1.172,1.179,1.166,1.171,-0.001,-0.0853,456013.0,53498.502
561560.SH,20250609,1.171,1.17,1.172,1.168,1.172,0.001,0.0854,332188.0,38856.426
561560.SH,20250606,1.167,1.167,1.172,1.164,1.171,0.004,0.3428,369316.0,43174.785
561560.SH,20250605,1.169,1.17,1.174,1.165,1.167,-0.002,-0.1711,375024.0,43804.881
561560.SH,20250604,1.17,1.168,1.172,1.167,1.169,-0.001,-0.0855,358857.0,41965.333
561560.SH,20250603,1.178,1.176,1.176,1.163,1.17,-0.008,-0.6791,436329.0,50903.514
561560.SH,20250530,1.182,1.183,1.187,1.175,1.178,-0.004,-0.3384,359375.0,42365.688
561560.SH,20250529,1.178,1.178,1.183,1.175,1.182,0.004,0.3396,332651.0,39234.578
561560.SH,20250528,1.182,1.183,1.185,1.176,1.178,-0.004,-0.3384,307144.0,36215.049
561560.SH,20250527,1.184,1.184,1.189,1.18,1.182,-0.002,-0.1689,445599.0,52749.935
561560.SH,20250526,1.175,1.176,1.184,1.176,1.184,0.009,0.766,406510.0,47980.029
561560.SH,20250523,1.187,1.185,1.191,1.174,1.175,-0.012,-1.011,510509.0,60323.045
561560.SH,20250522,1.195,1.191,1.195,1.183,1.187,-0.008,-0.6695,443145.0,52621.666
561560.SH,20250521,1.193,1.192,1.203,1.192,1.195,0.002,0.1676,497163.0,59594.618
561560.SH,20250520,1.181,1.18,1.194,1.18,1.193,0.012,1.0161,534779.0,63599.997
561560.SH,20250519,1.174,1.174,1.182,1.174,1.181,0.007,0.5963,369024.0,43525.57
561560.SH,20250516,1.18,1.179,1.184,1.171,1.174,-0.006,-0.5085,424582.0,49891.962
561560.SH,20250515,1.178,1.176,1.186,1.174,1.18,0.002,0.1698,519437.0,61303.608
561560.SH,20250514,1.175,1.174,1.178,1.166,1.178,0.003,0.2553,535277.0,62704.854
561560.SH,20250513,1.172,1.173,1.175,1.168,1.175,0.003,0.256,417143.0,48842.796
561560.SH,20250512,1.175,1.174,1.176,1.169,1.172,-0.003,-0.2553,421993.0,49442.068
561560.SH,20250509,1.17,1.168,1.18,1.166,1.175,0.005,0.4274,492723.0,57907.764
561560.SH,20250508,1.165,1.16,1.17,1.16,1.17,0.005,0.4292,440645.0,51431.973
561560.SH,20250507,1.163,1.166,1.17,1.159,1.165,0.002,0.172,768360.0,89420.728
561560.SH,20250506,1.157,1.156,1.163,1.15,1.163,0.006,0.5186,447676.0,51824.562
561560.SH,20250430,1.163,1.164,1.164,1.152,1.157,-0.006,-0.5159,494683.0,57161.241
561560.SH,20250429,1.185,1.188,1.19,1.159,1.163,-0.022,-1.8565,791804.0,92280.327
561560.SH,20250428,1.176,1.183,1.191,1.172,1.185,0.009,0.7653,450734.0,53304.093
561560.SH,20250425,1.161,1.163,1.177,1.159,1.176,0.015,1.292,402122.0,47021.961
561560.SH,20250424,1.15,1.15,1.165,1.146,1.161,0.011,0.9565,410444.0,47589.505
561560.SH,20250423,1.154,1.155,1.156,1.147,1.15,-0.004,-0.3466,246718.0,28369.219
561560.SH,20250422,1.156,1.156,1.167,1.152,1.154,-0.002,-0.173,363757.0,42137.332
561560.SH,20250421,1.151,1.152,1.158,1.149,1.156,0.005,0.4344,274802.0,31762.08
561560.SH,20250418,1.156,1.155,1.155,1.145,1.151,-0.005,-0.4325,307896.0,35409.691
561560.SH,20250417,1.157,1.155,1.16,1.149,1.156,-0.001,-0.0864,319057.0,36851.126
561560.SH,20250416,1.155,1.155,1.16,1.147,1.157,0.002,0.1732,449678.0,51833.318
561560.SH,20250415,1.149,1.149,1.156,1.142,1.155,0.006,0.5222,407437.0,46794.279
561560.SH,20250414,1.137,1.137,1.149,1.13,1.149,0.012,1.0554,407599.0,46642.845
561560.SH,20250411,1.144,1.142,1.142,1.128,1.137,-0.007,-0.6119,389291.0,44123.319
561560.SH,20250410,1.14,1.131,1.149,1.131,1.144,0.004,0.3509,416550.0,47540.739
561560.SH,20250409,1.138,1.13,1.141,1.109,1.14,0.002,0.1757,420792.0,47450.19
561560.SH,20250408,1.108,1.107,1.138,1.106,1.138,0.03,2.7076,429835.0,48340.329
561560.SH,20250407,1.166,1.14,1.154,1.079,1.108,-0.058,-4.9743,630452.0,70646.764
561560.SH,20250403,1.152,1.147,1.168,1.146,1.166,0.014,1.2153,460596.0,53460.988
561560.SH,20250402,1.161,1.159,1.159,1.149,1.152,-0.009,-0.7752,277535.0,31964.181
561560.SH,20250401,1.142,1.142,1.161,1.138,1.161,0.019,1.6637,608933.0,70188.928
561560.SH,20250331,1.139,1.135,1.154,1.135,1.142,0.003,0.2634,516727.0,59171.962
561560.SH,20250328,1.142,1.139,1.147,1.134,1.139,-0.003,-0.2627,280010.0,31903.369
561560.SH,20250327,1.157,1.157,1.157,1.14,1.142,-0.015,-1.2965,433990.0,49673.399
561560.SH,20250326,1.161,1.162,1.163,1.149,1.157,-0.004,-0.3445,416491.0,48113.249
561560.SH,20250325,1.145,1.145,1.163,1.137,1.161,0.016,1.3974,483764.0,55885.773
561560.SH,20250324,1.142,1.142,1.15,1.135,1.145,0.003,0.2627,369735.0,42219.951
561560.SH,20250321,1.143,1.142,1.152,1.134,1.142,-0.001,-0.0875,408676.0,46760.743
561560.SH,20250320,1.144,1.143,1.15,1.14,1.143,-0.001,-0.0874,376397.0,43073.452
561560.SH,20250319,1.129,1.129,1.146,1.124,1.144,0.015,1.3286,469483.0,53455.156
561560.SH,20250318,1.133,1.137,1.137,1.124,1.129,-0.004,-0.353,362797.0,40891.272
561560.SH,20250317,1.134,1.134,1.141,1.132,1.133,-0.001,-0.0882,421844.0,47973.747
561560.SH,20250314,1.129,1.13,1.134,1.126,1.134,0.005,0.4429,445571.0,50362.08
561560.SH,20250313,1.12,1.118,1.13,1.118,1.129,0.009,0.8036,444013.0,49960.014
561560.SH,20250312,1.111,1.11,1.121,1.108,1.12,0.009,0.8101,289442.0,32286.504
561560.SH,20250311,1.109,1.106,1.112,1.102,1.111,0.002,0.1803,200977.0,22262.226
561560.SH,20250310,1.113,1.111,1.113,1.106,1.109,-0.004,-0.3594,227938.0,25256.67
561560.SH,20250307,1.116,1.115,1.116,1.108,1.113,-0.003,-0.2688,241351.0,26837.062
561560.SH,20250306,1.118,1.118,1.119,1.111,1.116,-0.002,-0.1789,354891.0,39547.38
561560.SH,20250305,1.115,1.115,1.118,1.11,1.118,0.003,0.2691,164706.0,18364.391
561560.SH,20250304,1.116,1.115,1.115,1.109,1.115,-0.001,-0.0896,180830.0,20108.811
561560.SH,20250303,1.12,1.116,1.123,1.113,1.116,-0.004,-0.3571,212714.0,23758.655
561560.SH,20250228,1.128,1.124,1.13,1.117,1.12,-0.008,-0.7092,274038.0,30810.066
561560.SH,20250227,1.132,1.132,1.133,1.123,1.128,-0.004,-0.3534,215841.0,24310.839
561560.SH,20250226,1.123,1.126,1.133,1.123,1.132,0.009,0.8014,259164.0,29232.011
561560.SH,20250225,1.135,1.131,1.133,1.121,1.123,-0.012,-1.0573,299572.0,33753.339
561560.SH,20250224,1.134,1.134,1.143,1.13,1.135,0.001,0.0882,316241.0,35902.043
561560.SH,20250221,1.141,1.14,1.14,1.13,1.134,-0.007,-0.6135,793971.0,89959.171
561560.SH,20250220,1.142,1.144,1.144,1.132,1.141,-0.001,-0.0876,541174.0,61494.581
561560.SH,20250219,1.144,1.145,1.146,1.136,1.142,-0.002,-0.1748,327628.0,37323.816
561560.SH,20250218,1.143,1.145,1.155,1.139,1.144,0.001,0.0875,837980.0,96236.569
561560.SH,20250217,1.129,1.129,1.147,1.12,1.143,0.014,1.24,371047.0,42135.321
561560.SH,20250214,1.13,1.132,1.132,1.125,1.129,-0.001,-0.0885,177867.0,20054.738
561560.SH,20250213,1.128,1.126,1.133,1.124,1.13,0.002,0.1773,196368.0,22190.519
561560.SH,20250212,1.125,1.122,1.128,1.121,1.128,0.003,0.2667,140861.0,15848.51
561560.SH,20250211,1.131,1.133,1.133,1.12,1.125,-0.006,-0.5305,143795.0,16165.504
561560.SH,20250210,1.136,1.136,1.136,1.126,1.131,-0.005,-0.4401,257192.0,29061.934
561560.SH,20250207,1.129,1.129,1.137,1.121,1.136,0.007,0.62,227945.0,25777.036
561560.SH,20250206,1.121,1.121,1.129,1.115,1.129,0.008,0.7136,112768.0,12656.313
561560.SH,20250205,1.13,1.13,1.133,1.115,1.121,-0.009,-0.7965,155854.0,17457.323
561560.SH,20250127,1.115,1.114,1.133,1.114,1.13,0.015,1.3453,161572.0,18232.69
561560.SH,20250124,1.114,1.115,1.115,1.107,1.115,0.001,0.0898,97989.0,10901.291
561560.SH,20250123,1.114,1.12,1.13,1.114,1.114,0.0,0.0,164670.0,18452.478
561560.SH,20250122,1.117,1.117,1.12,1.107,1.114,-0.003,-0.2686,135481.0,15058.691
561560.SH,20250121,1.12,1.12,1.123,1.111,1.117,-0.003,-0.2679,127568.0,14224.532
561560.SH,20250120,1.122,1.127,1.127,1.117,1.12,-0.002,-0.1783,127020.0,14249.081
561560.SH,20250117,1.123,1.122,1.124,1.112,1.122,-0.001,-0.089,103646.0,11611.691
561560.SH,20250116,1.123,1.126,1.131,1.118,1.123,0.0,0.0,124363.0,13976.061
561560.SH,20250115,1.126,1.12,1.132,1.118,1.123,-0.003,-0.2664,108367.0,12184.553
561560.SH,20250114,1.107,1.107,1.126,1.103,1.126,0.019,1.7164,133112.0,14884.134
561560.SH,20250113,1.113,1.112,1.112,1.094,1.107,-0.006,-0.5391,119725.0,13205.919
561560.SH,20250110,1.132,1.137,1.137,1.112,1.113,-0.019,-1.6784,166720.0,18643.928
561560.SH,20250109,1.148,1.141,1.144,1.13,1.132,-0.016,-1.3937,123295.0,13980.843
561560.SH,20250108,1.142,1.144,1.152,1.133,1.148,0.006,0.5254,186913.0,21363.425
561560.SH,20250107,1.149,1.149,1.149,1.133,1.142,-0.007,-0.6092,109541.0,12476.121
561560.SH,20250106,1.152,1.147,1.155,1.14,1.149,-0.003,-0.2604,123499.0,14157.241
561560.SH,20250103,1.162,1.166,1.17,1.149,1.152,-0.01,-0.8606,141200.0,16365.413
561560.SH,20250102,1.198,1.198,1.198,1.157,1.162,-0.036,-3.005,159681.0,18819.916
561560.SH,20241231,1.205,1.205,1.211,1.197,1.198,-0.007,-0.5809,123841.0,14918.7
561560.SH,20241230,1.214,1.213,1.219,1.202,1.205,-0.009,-0.7414,133532.0,16133.319
561560.SH,20241227,1.203,1.2,1.216,1.198,1.214,0.011,0.9144,182669.0,22071.46
561560.SH,20241226,1.219,1.217,1.218,1.199,1.203,-0.016,-1.3126,138526.0,16673.244
561560.SH,20241225,1.219,1.221,1.224,1.211,1.219,0.0,0.0,120694.0,14685.825
561560.SH,20241224,1.208,1.208,1.22,1.205,1.219,0.011,0.9106,159144.0,19312.923
561560.SH,20241223,1.195,1.195,1.214,1.191,1.208,0.013,1.0879,137556.0,16620.296
561560.SH,20241220,1.206,1.204,1.208,1.193,1.195,-0.011,-0.9121,100944.0,12080.189
561560.SH,20241219,1.22,1.215,1.216,1.202,1.206,-0.014,-1.1475,138328.0,16702.402
561560.SH,20241218,1.21,1.212,1.232,1.212,1.22,0.01,0.8264,258485.0,31633.224
561560.SH,20241217,1.218,1.216,1.227,1.208,1.21,-0.008,-0.6568,192122.0,23377.545
561560.SH,20241216,1.197,1.198,1.219,1.198,1.218,0.021,1.7544,243886.0,29594.038
561560.SH,20241213,1.21,1.21,1.21,1.196,1.197,-0.013,-1.0744,130182.0,15642.308
561560.SH,20241212,1.208,1.209,1.213,1.203,1.21,0.002,0.1656,161759.0,19562.249
561560.SH,20241211,1.204,1.204,1.211,1.201,1.208,0.004,0.3322,79703.0,9616.728
561560.SH,20241210,1.212,1.227,1.23,1.201,1.204,-0.008,-0.6601,265038.0,32113.359
561560.SH,20241209,1.204,1.205,1.215,1.201,1.212,0.008,0.6645,176678.0,21383.566
561560.SH,20241206,1.194,1.189,1.206,1.189,1.204,0.01,0.8375,174730.0,20996.702
561560.SH,20241205,1.198,1.192,1.201,1.19,1.194,-0.004,-0.3339,99961.0,11942.226
561560.SH,20241204,1.199,1.198,1.203,1.192,1.198,-0.001,-0.0834,165056.9,19762.944
561560.SH,20241203,1.181,1.18,1.201,1.177,1.199,0.018,1.5241,217925.0,25966.128
561560.SH,20241202,1.168,1.169,1.183,1.166,1.181,0.013,1.113,138314.0,16271.046
561560.SH,20241129,1.163,1.162,1.174,1.161,1.168,0.005,0.4299,159832.0,18670.245
561560.SH,20241128,1.167,1.166,1.169,1.158,1.163,-0.004,-0.3428,129220.0,15037.669
561560.SH,20241127,1.156,1.157,1.168,1.145,1.167,0.011,0.9516,193073.0,22313.284
561560.SH,20241126,1.163,1.167,1.167,1.153,1.156,-0.007,-0.6019,144377.0,16709.767
561560.SH,20241125,1.176,1.175,1.18,1.154,1.163,-0.013,-1.1054,185062.0,21591.501
561560.SH,20241122,1.207,1.206,1.214,1.175,1.176,-0.031,-2.5684,212226.0,25308.331
561560.SH,20241121,1.205,1.202,1.209,1.201,1.207,0.002,0.166,147255.0,17749.421
561560.SH,20241120,1.199,1.197,1.207,1.19,1.205,0.006,0.5004,197707.0,23734.532
561560.SH,20241119,1.202,1.203,1.203,1.185,1.199,-0.003,-0.2496,200273.0,23890.035
561560.SH,20241118,1.19,1.19,1.215,1.19,1.202,0.012,1.0084,266592.0,32120.563
561560.SH,20241115,1.202,1.196,1.203,1.189,1.19,-0.012,-0.9983,176882.0,21158.763
561560.SH,20241114,1.218,1.22,1.225,1.199,1.202,-0.016,-1.3136,210909.0,25516.082
561560.SH,20241113,1.208,1.207,1.219,1.203,1.218,0.01,0.8278,316313.0,38360.671
561560.SH,20241112,1.224,1.222,1.225,1.205,1.208,-0.016,-1.3072,300747.0,36534.362
561560.SH,20241111,1.227,1.224,1.226,1.212,1.224,-0.003,-0.2445,302513.0,36851.997
561560.SH,20241108,1.236,1.251,1.259,1.221,1.227,-0.009,-0.7282,597676.0,73811.329
561560.SH,20241107,1.216,1.217,1.236,1.208,1.236,0.02,1.6447,323794.0,39640.627
561560.SH,20241106,1.226,1.23,1.23,1.211,1.216,-0.01,-0.8157,282060.0,34353.895
561560.SH,20241105,1.214,1.214,1.227,1.208,1.226,0.012,0.9885,322607.0,39328.389
561560.SH,20241104,1.212,1.211,1.214,1.204,1.214,0.002,0.165,155747.0,18829.01
561560.SH,20241101,1.211,1.21,1.217,1.197,1.212,0.001,0.0826,223133.98,26987.168
561560.SH,20241031,1.199,1.206,1.216,1.201,1.211,0.012,1.0008,263632.0,31911.071
561560.SH,20241030,1.208,1.208,1.21,1.189,1.199,-0.009,-0.745,233996.0,28034.198
561560.SH,20241029,1.225,1.224,1.224,1.205,1.208,-0.017,-1.3878,281658.0,34194.513
561560.SH,20241028,1.213,1.216,1.226,1.2,1.225,0.012,0.9893,327690.0,39827.738
561560.SH,20241025,1.216,1.213,1.217,1.203,1.213,-0.003,-0.2467,274662.54,33212.607
561560.SH,20241024,1.226,1.221,1.221,1.208,1.216,-0.01,-0.8157,161952.0,19656.413
561560.SH,20241023,1.218,1.218,1.23,1.215,1.226,0.008,0.6568,277495.0,33888.497
561560.SH,20241022,1.196,1.193,1.218,1.191,1.218,0.022,1.8395,344576.0,41712.563
561560.SH,20241021,1.203,1.216,1.216,1.189,1.196,-0.007,-0.5819,203255.0,24282.605
561560.SH,20241018,1.186,1.187,1.219,1.177,1.203,0.017,1.4334,370845.0,44297.997
561560.SH,20241017,1.203,1.198,1.216,1.186,1.186,-0.017,-1.4131,168172.0,20156.834
561560.SH,20241016,1.201,1.2,1.21,1.19,1.203,0.002,0.1665,116912.0,14060.31
561560.SH,20241015,1.227,1.227,1.227,1.2,1.201,-0.026,-2.119,181562.0,22012.706
561560.SH,20241014,1.216,1.214,1.234,1.21,1.227,0.011,0.9046,147715.0,18050.968
561560.SH,20241011,1.247,1.251,1.251,1.209,1.216,-0.031,-2.486,184497.0,22732.344
561560.SH,20241010,1.211,1.178,1.27,1.178,1.247,0.036,2.9727,364766.0,45492.264
561560.SH,20241009,1.288,1.285,1.285,1.178,1.211,-0.077,-5.9783,345648.0,42591.225
561560.SH,20241008,1.304,1.433,1.433,1.25,1.288,-0.016,-1.227,787510.0,103888.37
561560.SH,20240930,1.22,1.251,1.307,1.212,1.304,0.084,6.8852,643723.0,80989.484
561560.SH,20240927,1.185,1.184,1.225,1.176,1.22,0.035,2.9536,180446.0,21506.228
561560.SH,20240926,1.173,1.173,1.185,1.156,1.185,0.012,1.023,302445.0,35290.487
561560.SH,20240925,1.169,1.172,1.196,1.165,1.173,0.004,0.3422,228240.0,26954.252
561560.SH,20240924,1.13,1.13,1.169,1.126,1.169,0.039,3.4513,181972.0,20909.985
561560.SH,20240923,1.113,1.114,1.134,1.11,1.13,0.017,1.5274,111866.0,12581.384
561560.SH,20240920,1.115,1.113,1.114,1.101,1.113,-0.002,-0.1794,101613.0,11261.478
561560.SH,20240919,1.108,1.106,1.115,1.097,1.115,0.007,0.6318,105662.0,11698.605
561560.SH,20240918,1.106,1.108,1.111,1.097,1.108,0.002,0.1808,72087.0,7962.725
561560.SH,20240913,1.106,1.104,1.114,1.101,1.106,0.0,0.0,81070.0,8977.772
561560.SH,20240912,1.101,1.099,1.112,1.098,1.106,0.005,0.4541,137582.0,15240.03
561560.SH,20240911,1.134,1.127,1.127,1.095,1.101,-0.033,-2.9101,120506.0,13314.785
561560.SH,20240910,1.137,1.14,1.144,1.119,1.134,-0.003,-0.2639,133376.0,15078.597
561560.SH,20240909,1.147,1.142,1.147,1.131,1.137,-0.01,-0.8718,118808.0,13513.419
561560.SH,20240906,1.158,1.154,1.167,1.146,1.147,-0.011,-0.9499,70241.0,8135.745
561560.SH,20240905,1.16,1.16,1.164,1.151,1.158,-0.002,-0.1724,111673.0,12915.237
561560.SH,20240904,1.169,1.169,1.169,1.154,1.16,-0.009,-0.7699,87987.0,10229.414
561560.SH,20240903,1.19,1.19,1.197,1.164,1.169,-0.021,-1.7647,140518.0,16503.498
561560.SH,20240902,1.194,1.191,1.2,1.182,1.19,-0.004,-0.335,102655.0,12258.774
561560.SH,20240830,1.193,1.194,1.198,1.178,1.194,0.001,0.0838,118430.0,14095.405
561560.SH,20240829,1.208,1.209,1.209,1.19,1.193,-0.015,-1.2417,92125.0,11007.942
561560.SH,20240828,1.199,1.2,1.217,1.2,1.208,0.009,0.7506,129311.0,15632.54
561560.SH,20240827,1.207,1.204,1.206,1.195,1.199,-0.008,-0.6628,68023.0,8161.81
561560.SH,20240826,1.21,1.209,1.21,1.198,1.207,-0.003,-0.2479,79595.0,9575.992
561560.SH,20240823,1.223,1.223,1.223,1.202,1.21,-0.013,-1.063,74606.0,9018.78
561560.SH,20240822,1.212,1.209,1.224,1.208,1.223,0.011,0.9076,68082.0,8288.874
561560.SH,20240821,1.221,1.221,1.221,1.204,1.212,-0.009,-0.7371,72447.0,8761.293
561560.SH,20240820,1.233,1.233,1.237,1.211,1.221,-0.012,-0.9732,90367.0,11021.82
561560.SH,20240819,1.229,1.224,1.239,1.224,1.233,0.004,0.3255,70964.0,8747.913
561560.SH,20240816,1.241,1.242,1.242,1.222,1.229,-0.012,-0.967,90846.0,11173.799
561560.SH,20240815,1.228,1.226,1.241,1.222,1.241,0.013,1.0586,133176.0,16445.205
561560.SH,20240814,1.215,1.215,1.239,1.21,1.228,0.013,1.07,141621.0,17380.177
561560.SH,20240813,1.211,1.211,1.219,1.207,1.215,0.004,0.3303,89696.0,10878.524
561560.SH,20240812,1.216,1.221,1.228,1.209,1.211,-0.005,-0.4112,128072.0,15577.74
561560.SH,20240809,1.223,1.224,1.225,1.215,1.216,-0.007,-0.5724,110114.0,13409.054
561560.SH,20240808,1.229,1.248,1.248,1.219,1.223,-0.006,-0.4882,75507.0,9251.153
561560.SH,20240807,1.216,1.218,1.241,1.215,1.229,0.013,1.0691,169660.0,20873.988
561560.SH,20240806,1.215,1.214,1.228,1.202,1.216,0.001,0.0823,144800.0,17592.705
561560.SH,20240805,1.238,1.236,1.236,1.214,1.215,-0.023,-1.8578,136179.0,16676.866
561560.SH,20240802,1.248,1.247,1.248,1.232,1.238,-0.01,-0.8013,139655.0,17295.406
561560.SH,20240801,1.252,1.25,1.257,1.242,1.248,-0.004,-0.3195,114148.0,14272.199
561560.SH,20240731,1.257,1.257,1.257,1.229,1.252,-0.005,-0.3978,236636.0,29310.673
561560.SH,20240730,1.278,1.272,1.279,1.253,1.257,-0.021,-1.6432,120538.0,15218.863
561560.SH,20240729,1.272,1.272,1.279,1.263,1.278,0.006,0.4717,141706.0,18048.702
561560.SH,20240726,1.281,1.28,1.281,1.264,1.272,-0.009,-0.7026,191749.0,24340.757
561560.SH,20240725,1.284,1.289,1.289,1.264,1.281,-0.003,-0.2336,188939.0,24113.414
561560.SH,20240724,1.262,1.254,1.292,1.254,1.284,0.022,1.7433,262180.0,33583.896
561560.SH,20240723,1.267,1.267,1.271,1.261,1.262,-0.005,-0.3946,188322.0,23844.616
561560.SH,20240722,1.28,1.281,1.284,1.253,1.267,-0.013,-1.0156,145338.0,18363.843
561560.SH,20240719,1.274,1.269,1.281,1.269,1.28,0.006,0.471,133630.0,17042.91
561560.SH,20240718,1.257,1.251,1.275,1.244,1.274,0.017,1.3524,160188.0,20193.904
561560.SH,20240717,1.278,1.277,1.278,1.251,1.257,-0.021,-1.6432,155688.0,19673.531
561560.SH,20240716,1.274,1.283,1.283,1.265,1.278,0.004,0.314,135268.0,17216.75
561560.SH,20240715,1.268,1.263,1.274,1.248,1.274,0.006,0.4732,159650.0,20213.274
561560.SH,20240712,1.286,1.281,1.288,1.265,1.268,-0.018,-1.3997,138188.0,17605.25
561560.SH,20240711,1.275,1.284,1.289,1.26,1.286,0.011,0.8627,253580.0,32209.664
561560.SH,20240710,1.306,1.307,1.307,1.27,1.275,-0.031,-2.3737,171150.0,21852.071
561560.SH,20240709,1.289,1.282,1.307,1.28,1.306,0.017,1.3189,172878.0,22381.13
561560.SH,20240708,1.271,1.271,1.298,1.268,1.289,0.018,1.4162,143874.0,18453.302
561560.SH,20240705,1.281,1.279,1.281,1.257,1.271,-0.01,-0.7806,122814.0,15550.443
561560.SH,20240704,1.286,1.284,1.293,1.276,1.281,-0.005,-0.3888,153555.0,19722.382
561560.SH,20240703,1.291,1.288,1.295,1.276,1.286,-0.005,-0.3873,128331.0,16487.055
561560.SH,20240702,1.287,1.285,1.291,1.274,1.291,0.004,0.3108,177558.0,22775.032
561560.SH,20240701,1.259,1.256,1.289,1.255,1.287,0.028,2.224,222851.0,28415.652
561560.SH,20240628,1.226,1.222,1.263,1.219,1.259,0.033,2.6917,243325.0,30278.085
561560.SH,20240627,1.237,1.233,1.243,1.225,1.226,-0.011,-0.8892,148444.0,18296.466
561560.SH,20240626,1.235,1.229,1.24,1.216,1.237,0.002,0.1619,155909.0,19132.36
561560.SH,20240625,1.242,1.242,1.243,1.224,1.235,-0.007,-0.5636,144038.0,17751.921
561560.SH,20240624,1.24,1.238,1.249,1.234,1.242,0.002,0.1613,172674.0,21440.912
561560.SH,20240621,1.242,1.241,1.247,1.23,1.24,-0.002,-0.161,150310.0,18617.537
561560.SH,20240620,1.237,1.239,1.242,1.229,1.242,0.005,0.4042,138798.0,17166.557
561560.SH,20240619,1.243,1.24,1.247,1.234,1.237,-0.006,-0.4827,226917.0,28102.002
561560.SH,20240618,1.242,1.242,1.243,1.226,1.243,0.001,0.0805,271990.0,33632.086
561560.SH,20240617,1.255,1.248,1.262,1.241,1.242,-0.013,-1.0359,233069.0,29132.963
561560.SH,20240614,1.281,1.272,1.283,1.25,1.255,-0.026,-2.0297,214737.0,27192.843
561560.SH,20240613,1.274,1.274,1.289,1.268,1.281,0.007,0.5495,188698.0,24137.387
561560.SH,20240612,1.266,1.255,1.278,1.254,1.274,0.008,0.6319,193910.33,24585.605
561560.SH,20240611,1.28,1.281,1.283,1.254,1.266,-0.014,-1.0938,219862.0,27835.889
561560.SH,20240607,1.256,1.26,1.28,1.252,1.28,0.024,1.9108,182175.0,23038.27
561560.SH,20240606,1.252,1.251,1.272,1.247,1.256,0.004,0.3195,206024.33,25928.114
561560.SH,20240605,1.258,1.255,1.262,1.25,1.252,-0.006,-0.4769,143786.0,18061.208
561560.SH,20240604,1.24,1.24,1.259,1.231,1.258,0.018,1.4516,184866.0,23018.404
561560.SH,20240603,1.234,1.234,1.245,1.229,1.24,0.006,0.4862,157966.0,19547.883
561560.SH,20240531,1.235,1.232,1.246,1.226,1.234,-0.001,-0.081,145083.0,17932.309
561560.SH,20240530,1.255,1.251,1.259,1.23,1.235,-0.02,-1.5936,200657.0,24972.995
561560.SH,20240529,1.253,1.254,1.259,1.232,1.255,0.002,0.1596,241629.0,30136.449
561560.SH,20240528,1.24,1.238,1.262,1.233,1.253,0.013,1.0484,320563.0,40043.254
561560.SH,20240527,1.216,1.216,1.244,1.216,1.24,0.024,1.9737,337754.0,41680.66
561560.SH,20240524,1.195,1.194,1.228,1.194,1.216,0.021,1.7573,440593.0,53670.69
561560.SH,20240523,1.208,1.204,1.207,1.189,1.195,-0.013,-1.0762,160546.0,19228.277
561560.SH,20240522,1.208,1.208,1.218,1.204,1.208,0.0,0.0,163214.0,19737.799
561560.SH,20240521,1.211,1.21,1.211,1.201,1.208,-0.003,-0.2477,163837.0,19755.619
561560.SH,20240520,1.197,1.197,1.211,1.19,1.211,0.014,1.1696,268822.0,32345.097
561560.SH,20240517,1.191,1.194,1.199,1.188,1.197,0.006,0.5038,202709.0,24186.878
561560.SH,20240516,1.201,1.2,1.205,1.187,1.191,-0.01,-0.8326,223321.0,26703.265
561560.SH,20240515,1.224,1.22,1.231,1.198,1.201,-0.023,-1.8791,423381.0,51170.376
561560.SH,20240514,1.226,1.225,1.229,1.205,1.224,-0.002,-0.1631,316436.0,38640.887
561560.SH,20240513,1.206,1.211,1.23,1.203,1.226,0.02,1.6584,411823.0,50083.622
561560.SH,20240510,1.193,1.193,1.207,1.19,1.206,0.013,1.0897,318363.0,38202.895
561560.SH,20240509,1.187,1.187,1.194,1.18,1.193,0.006,0.5055,318292.0,37773.971
561560.SH,20240508,1.192,1.191,1.201,1.185,1.187,-0.005,-0.4195,258693.0,30833.77
561560.SH,20240507,1.207,1.21,1.21,1.188,1.192,-0.015,-1.2428,297756.0,35594.247
561560.SH,20240506,1.191,1.195,1.209,1.181,1.207,0.016,1.3434,338380.0,40518.779
561560.SH,20240430,1.184,1.185,1.195,1.181,1.191,0.007,0.5912,321515.0,38247.748
561560.SH,20240429,1.183,1.182,1.185,1.163,1.184,0.001,0.0845,206924.0,24321.602
561560.SH,20240426,1.184,1.184,1.187,1.176,1.183,-0.001,-0.0845,123274.0,14546.14
561560.SH,20240425,1.191,1.187,1.188,1.178,1.184,-0.007,-0.5877,107970.0,12764.786
561560.SH,20240424,1.169,1.17,1.194,1.17,1.191,0.022,1.882,160582.0,19039.763
561560.SH,20240423,1.192,1.187,1.189,1.166,1.169,-0.023,-1.9295,208985.0,24523.586
561560.SH,20240422,1.198,1.195,1.21,1.185,1.192,-0.006,-0.5008,196495.0,23538.882
561560.SH,20240419,1.207,1.2,1.21,1.191,1.198,-0.009,-0.7457,159973.0,19214.24
561560.SH,20240418,1.224,1.222,1.232,1.199,1.207,-0.017,-1.3889,230856.0,28007.928
561560.SH,20240417,1.204,1.204,1.224,1.195,1.224,0.02,1.6611,211010.0,25483.545
561560.SH,20240416,1.224,1.222,1.227,1.199,1.204,-0.02,-1.634,222178.0,26956.712
561560.SH,20240415,1.207,1.212,1.226,1.198,1.224,0.017,1.4085,251184.0,30539.485
561560.SH,20240412,1.217,1.219,1.221,1.203,1.207,-0.01,-0.8217,216117.0,26158.69
561560.SH,20240411,1.208,1.208,1.224,1.193,1.217,0.009,0.745,212700.0,25753.35
561560.SH,20240410,1.198,1.197,1.213,1.194,1.208,0.01,0.8347,232876.0,28105.419
561560.SH,20240409,1.203,1.201,1.206,1.19,1.198,-0.005,-0.4156,229396.0,27491.252
561560.SH,20240408,1.173,1.171,1.208,1.168,1.203,0.03,2.5575,259401.0,31030.795
561560.SH,20240403,1.173,1.173,1.174,1.16,1.173,0.0,0.0,104220.0,12168.831
561560.SH,20240402,1.169,1.169,1.179,1.165,1.173,0.004,0.3422,105809.0,12410.011
561560.SH,20240401,1.173,1.173,1.178,1.163,1.169,-0.004,-0.341,164618.0,19244.667
561560.SH,20240329,1.156,1.155,1.174,1.155,1.173,0.017,1.4706,168840.0,19679.388
561560.SH,20240328,1.151,1.152,1.16,1.138,1.156,0.005,0.4344,111198.0,12763.111
561560.SH,20240327,1.156,1.156,1.162,1.15,1.151,-0.005,-0.4325,84187.0,9726.903
561560.SH,20240326,1.146,1.145,1.156,1.14,1.156,0.01,0.8726,90071.0,10338.181
561560.SH,20240325,1.146,1.134,1.156,1.134,1.146,0.0,0.0,97125.0,11176.986
561560.SH,20240322,1.148,1.147,1.153,1.137,1.146,-0.002,-0.1742,91091.0,10407.27
561560.SH,20240321,1.153,1.153,1.155,1.145,1.148,-0.005,-0.4337,90643.0,10409.661
561560.SH,20240320,1.15,1.149,1.16,1.138,1.153,0.003,0.2609,115287.0,13266.279
561560.SH,20240319,1.163,1.164,1.167,1.148,1.15,-0.013,-1.1178,106121.0,12268.222
561560.SH,20240318,1.155,1.156,1.173,1.151,1.163,0.008,0.6926,116268.0,13496.372
561560.SH,20240315,1.147,1.147,1.158,1.142,1.155,0.008,0.6975,130956.0,15076.233
561560.SH,20240314,1.148,1.146,1.15,1.138,1.147,-0.001,-0.0871,112740.89,12890.543
561560.SH,20240313,1.143,1.14,1.149,1.131,1.148,0.005,0.4374,135821.0,15485.182
561560.SH,20240312,1.173,1.174,1.175,1.134,1.143,-0.03,-2.5575,214041.0,24587.147
561560.SH,20240311,1.178,1.178,1.191,1.163,1.173,-0.005,-0.4244,165486.0,19448.053
561560.SH,20240308,1.159,1.155,1.179,1.155,1.178,0.019,1.6393,159518.0,18628.373
561560.SH,20240307,1.156,1.153,1.165,1.149,1.159,0.003,0.2595,187374.98,21705.436
561560.SH,20240306,1.15,1.148,1.164,1.145,1.156,0.006,0.5217,151730.0,17519.48
561560.SH,20240305,1.14,1.138,1.152,1.133,1.15,0.01,0.8772,164494.0,18857.189
561560.SH,20240304,1.115,1.116,1.14,1.112,1.14,0.025,2.2422,129028.0,14546.55
561560.SH,20240301,1.121,1.113,1.128,1.111,1.115,-0.006,-0.5352,98119.0,10966.362
561560.SH,20240229,1.114,1.103,1.121,1.103,1.121,0.007,0.6284,98097.0,10911.874
561560.SH,20240228,1.109,1.108,1.126,1.106,1.114,0.005,0.4509,158005.0,17593.109
561560.SH,20240227,1.104,1.104,1.11,1.097,1.109,0.005,0.4529,125399.0,13852.653
561560.SH,20240226,1.131,1.13,1.13,1.1,1.104,-0.027,-2.3873,123806.72,13746.51
561560.SH,20240223,1.124,1.124,1.135,1.12,1.131,0.007,0.6228,87528.88,9873.143
561560.SH,20240222,1.114,1.114,1.124,1.11,1.124,0.01,0.8977,90878.0,10179.888
561560.SH,20240221,1.12,1.113,1.124,1.112,1.114,-0.006,-0.5357,122452.4,13702.512
561560.SH,20240220,1.117,1.117,1.131,1.108,1.12,0.003,0.2686,142023.0,15913.835
561560.SH,20240219,1.09,1.078,1.117,1.078,1.117,0.027,2.4771,153084.0,16928.29
561560.SH,20240208,1.082,1.077,1.092,1.077,1.09,0.008,0.7394,110767.0,12010.815
561560.SH,20240207,1.073,1.073,1.082,1.063,1.082,0.009,0.8388,105496.0,11323.663
561560.SH,20240206,1.051,1.052,1.079,1.048,1.073,0.022,2.0932,90916.0,9652.338
561560.SH,20240205,1.06,1.056,1.065,1.032,1.051,-0.009,-0.8491,94106.0,9895.455
561560.SH,20240202,1.065,1.066,1.079,1.04,1.06,-0.005,-0.4695,117567.0,12495.282
561560.SH,20240201,1.081,1.078,1.08,1.06,1.065,-0.016,-1.4801,83234.0,8916.504
561560.SH,20240131,1.078,1.074,1.094,1.072,1.081,0.003,0.2783,140346.0,15211.777
561560.SH,20240130,1.087,1.081,1.095,1.076,1.078,-0.009,-0.828,98760.0,10733.816
561560.SH,20240129,1.084,1.082,1.102,1.082,1.087,0.003,0.2768,152696.12,16695.101
561560.SH,20240126,1.077,1.075,1.085,1.07,1.084,0.007,0.65,131927.12,14233.28
561560.SH,20240125,1.045,1.053,1.077,1.041,1.077,0.032,3.0622,120685.0,12827.717
561560.SH,20240124,1.025,1.025,1.046,1.02,1.045,0.02,1.9512,78383.0,8079.648
561560.SH,20240123,1.015,1.018,1.026,0.998,1.025,0.01,0.9852,82611.0,8339.165
561560.SH,20240122,1.045,1.042,1.042,1.006,1.015,-0.03,-2.8708,110090.0,11321.139
561560.SH,20240119,1.053,1.054,1.054,1.038,1.045,-0.008,-0.7597,120595.0,12596.667
561560.SH,20240118,1.06,1.058,1.059,1.02,1.053,-0.007,-0.6604,137357.0,14235.711
561560.SH,20240117,1.075,1.074,1.075,1.059,1.06,-0.015,-1.3953,96942.0,10372.689
561560.SH,20240116,1.078,1.075,1.076,1.062,1.075,-0.003,-0.2783,112972.0,12089.962
561560.SH,20240115,1.079,1.075,1.082,1.073,1.078,-0.001,-0.0927,82631.0,8900.357
561560.SH,20240112,1.063,1.063,1.079,1.059,1.079,0.016,1.5052,121024.0,12990.961
561560.SH,20240111,1.069,1.069,1.07,1.06,1.063,-0.006,-0.5613,134789.0,14358.938
561560.SH,20240110,1.074,1.074,1.074,1.063,1.069,-0.005,-0.4655,91768.0,9806.75
561560.SH,20240109,1.069,1.07,1.076,1.064,1.074,0.005,0.4677,102380.0,10955.083
561560.SH,20240108,1.082,1.081,1.081,1.068,1.069,-0.013,-1.2015,74315.0,7972.715
561560.SH,20240105,1.088,1.086,1.093,1.077,1.082,-0.006,-0.5515,130420.0,14162.067
561560.SH,20240104,1.087,1.082,1.089,1.075,1.088,0.001,0.092,169646.0,18350.857
561560.SH,20240103,1.072,1.067,1.088,1.067,1.087,0.015,1.3993,194461.0,21002.938
561560.SH,20240102,1.053,1.055,1.075,1.053,1.072,0.019,1.8044,216277.0,23109.301
561560.SH,20231229,1.054,1.055,1.055,1.047,1.053,-0.001,-0.0949,118326.73,12433.718
561560.SH,20231228,1.054,1.054,1.058,1.044,1.054,0.0,0.0,142799.0,15001.752
561560.SH,20231227,1.044,1.044,1.055,1.041,1.054,0.01,0.9579,108719.0,11395.728
561560.SH,20231226,1.045,1.047,1.052,1.042,1.044,-0.001,-0.0957,108395.0,11349.765
561560.SH,20231225,1.044,1.039,1.047,1.037,1.045,0.001,0.0958,86719.0,9021.419
561560.SH,20231222,1.045,1.043,1.046,1.038,1.044,-0.001,-0.0957,100357.0,10467.377
561560.SH,20231221,1.043,1.035,1.045,1.032,1.045,0.002,0.1918,108789.0,11288.921
561560.SH,20231220,1.04,1.041,1.055,1.041,1.043,0.003,0.2885,117412.0,12343.567
561560.SH,20231219,1.046,1.05,1.05,1.034,1.04,-0.006,-0.5736,122342.0,12737.171
561560.SH,20231218,1.048,1.045,1.054,1.04,1.046,-0.002,-0.1908,128598.0,13487.185
561560.SH,20231215,1.061,1.061,1.065,1.047,1.048,-0.013,-1.2253,108309.0,11409.399
561560.SH,20231214,1.06,1.06,1.065,1.054,1.061,0.001,0.0943,82452.0,8738.952
561560.SH,20231213,1.061,1.062,1.065,1.06,1.06,-0.001,-0.0943,122068.0,12967.264
561560.SH,20231212,1.057,1.057,1.062,1.052,1.061,0.004,0.3784,131066.0,13858.367
561560.SH,20231211,1.047,1.041,1.057,1.033,1.057,0.01,0.9551,141840.0,14806.928
561560.SH,20231208,1.04,1.041,1.052,1.04,1.047,0.007,0.6731,132841.0,13916.887
561560.SH,20231207,1.036,1.034,1.042,1.034,1.04,0.004,0.3861,119977.0,12466.814
561560.SH,20231206,1.039,1.035,1.039,1.027,1.036,-0.003,-0.2887,145376.0,15042.553
561560.SH,20231205,1.05,1.049,1.055,1.038,1.039,-0.011,-1.0476,150689.0,15808.008
561560.SH,20231204,1.05,1.05,1.051,1.046,1.05,0.0,0.0,130226.0,13654.392
561560.SH,20231201,1.049,1.045,1.051,1.041,1.05,0.001,0.0953,129264.0,13537.755
561560.SH,20231130,1.037,1.037,1.05,1.037,1.049,0.012,1.1572,158199.0,16504.077
561560.SH,20231129,1.041,1.043,1.044,1.034,1.037,-0.004,-0.3842,111430.0,11579.673
561560.SH,20231128,1.041,1.038,1.042,1.032,1.041,0.0,0.0,102190.0,10611.353
561560.SH,20231127,1.039,1.039,1.042,1.032,1.041,0.002,0.1925,137114.0,14202.907
561560.SH,20231124,1.044,1.042,1.046,1.037,1.039,-0.005,-0.4789,94339.0,9835.921
561560.SH,20231123,1.042,1.042,1.045,1.038,1.044,0.002,0.1919,91790.0,9560.158
561560.SH,20231122,1.048,1.042,1.049,1.04,1.042,-0.006,-0.5725,84109.0,8796.409
561560.SH,20231121,1.05,1.05,1.053,1.045,1.048,-0.002,-0.1905,96578.0,10137.061
561560.SH,20231120,1.049,1.049,1.055,1.045,1.05,0.001,0.0953,155615.0,16362.165
561560.SH,20231117,1.048,1.048,1.051,1.043,1.049,0.001,0.0954,138597.0,14515.177
561560.SH,20231116,1.051,1.05,1.052,1.045,1.048,-0.003,-0.2854,155654.0,16313.002
561560.SH,20231115,1.049,1.051,1.053,1.044,1.051,0.002,0.1907,144713.0,15171.913
561560.SH,20231114,1.045,1.044,1.055,1.042,1.049,0.004,0.3828,161513.0,16944.484
561560.SH,20231113,1.048,1.054,1.058,1.036,1.045,-0.003,-0.2863,146313.0,15286.599
561560.SH,20231110,1.043,1.04,1.049,1.029,1.048,0.005,0.4794,168667.0,17501.093
561560.SH,20231109,1.037,1.039,1.047,1.035,1.043,0.006,0.5786,162896.0,16979.223
561560.SH,20231108,1.039,1.039,1.041,1.032,1.037,-0.002,-0.1925,111637.0,11571.256
561560.SH,20231107,1.042,1.044,1.044,1.035,1.039,-0.003,-0.2879,147511.0,15304.87
561560.SH,20231106,1.051,1.051,1.053,1.038,1.042,-0.009,-0.8563,200817.0,20922.331
561560.SH,20231103,1.046,1.045,1.058,1.045,1.051,0.005,0.478,143585.0,15117.889
561560.SH,20231102,1.05,1.05,1.053,1.045,1.046,-0.004,-0.381,117301.0,12301.985
561560.SH,20231101,1.047,1.047,1.051,1.042,1.05,0.003,0.2865,158121.0,16554.091
561560.SH,20231031,1.047,1.047,1.048,1.041,1.047,0.0,0.0,196542.09,20511.444
561560.SH,20231030,1.046,1.04,1.052,1.04,1.047,0.001,0.0956,245755.0,25682.426
561560.SH,20231027,1.036,1.036,1.05,1.035,1.046,0.01,0.9653,126569.0,13205.808
561560.SH,20231026,1.016,1.015,1.037,1.01,1.036,0.02,1.9685,165394.0,17000.776
561560.SH,20231025,1.02,1.02,1.026,1.013,1.016,-0.004,-0.3922,141047.0,14370.36
561560.SH,20231024,1.008,1.009,1.021,1.003,1.02,0.012,1.1905,158268.0,16035.483
561560.SH,20231023,1.033,1.033,1.033,1.003,1.008,-0.025,-2.4201,171711.0,17476.74
561560.SH,20231020,1.034,1.027,1.039,1.025,1.033,-0.001,-0.0967,159295.0,16457.312
561560.SH,20231019,1.046,1.046,1.046,1.03,1.034,-0.012,-1.1472,172113.0,17830.778
561560.SH,20231018,1.062,1.062,1.062,1.045,1.046,-0.016,-1.5066,174296.0,18293.78
561560.SH,20231017,1.051,1.053,1.065,1.051,1.062,0.011,1.0466,184351.0,19513.365
561560.SH,20231016,1.054,1.054,1.058,1.048,1.051,-0.003,-0.2846,162051.0,17040.87
561560.SH,20231013,1.058,1.059,1.063,1.05,1.054,-0.004,-0.3781,138759.0,14642.119
561560.SH,20231012,1.049,1.048,1.059,1.048,1.058,0.009,0.858,190341.0,20104.644
561560.SH,20231011,1.055,1.055,1.061,1.047,1.049,-0.006,-0.5687,286037.0,30104.945
561560.SH,20231010,1.061,1.061,1.063,1.053,1.055,-0.006,-0.5655,191684.0,20252.828
561560.SH,20231009,1.057,1.056,1.062,1.051,1.061,0.004,0.3784,208118.0,21999.989
561560.SH,20230928,1.055,1.055,1.058,1.053,1.057,0.002,0.1896,179083.0,18901.339
561560.SH,20230927,1.058,1.059,1.063,1.054,1.055,-0.003,-0.2836,195852.0,20718.754
561560.SH,20230926,1.061,1.062,1.062,1.052,1.058,-0.003,-0.2828,201506.0,21293.818
561560.SH,20230925,1.065,1.063,1.065,1.058,1.061,-0.004,-0.3756,209936.0,22286.904
561560.SH,20230922,1.06,1.06,1.065,1.056,1.065,0.005,0.4717,165853.0,17597.331
561560.SH,20230921,1.066,1.066,1.072,1.059,1.06,-0.006,-0.5629,159667.0,17017.798
561560.SH,20230920,1.076,1.074,1.074,1.066,1.066,-0.01,-0.9294,121030.0,12944.759
561560.SH,20230919,1.073,1.071,1.077,1.07,1.076,0.003,0.2796,124850.0,13416.436
561560.SH,20230918,1.079,1.079,1.079,1.069,1.073,-0.006,-0.5561,187573.0,20121.684
561560.SH,20230915,1.093,1.092,1.097,1.075,1.079,-0.014,-1.2809,193609.0,20996.095
561560.SH,20230914,1.082,1.083,1.095,1.079,1.093,0.011,1.0166,228529.0,24918.969
561560.SH,20230913,1.079,1.08,1.087,1.076,1.082,0.003,0.278,169915.0,18369.341
561560.SH,20230912,1.076,1.077,1.086,1.076,1.079,0.003,0.2788,115545.24,12494.987
561560.SH,20230911,1.071,1.069,1.08,1.069,1.076,0.005,0.4669,217073.0,23353.457
561560.SH,20230908,1.059,1.057,1.075,1.056,1.071,0.012,1.1331,227706.0,24274.872
561560.SH,20230907,1.071,1.067,1.071,1.059,1.059,-0.012,-1.1204,207318.0,22035.137
561560.SH,20230906,1.076,1.073,1.076,1.068,1.071,-0.005,-0.4647,159116.0,17050.898
561560.SH,20230905,1.068,1.068,1.079,1.065,1.076,0.008,0.7491,283222.0,30388.223
561560.SH,20230904,1.064,1.063,1.068,1.054,1.068,0.004,0.3759,224567.0,23864.881
561560.SH,20230901,1.066,1.063,1.068,1.059,1.064,-0.002,-0.1876,150665.0,16020.993
561560.SH,20230831,1.066,1.062,1.07,1.061,1.066,0.0,0.0,231452.0,24625.038
561560.SH,20230830,1.072,1.075,1.08,1.061,1.066,-0.006,-0.5597,219694.0,23469.741
561560.SH,20230829,1.069,1.066,1.076,1.062,1.072,0.003,0.2806,162796.0,17441.039
561560.SH,20230828,1.07,1.103,1.106,1.065,1.069,-0.001,-0.0935,141311.0,15310.774
561560.SH,20230825,1.062,1.061,1.078,1.054,1.07,0.008,0.7533,255191.0,27357.96
561560.SH,20230824,1.071,1.071,1.076,1.06,1.062,-0.009,-0.8403,218623.62,23264.705
561560.SH,20230823,1.088,1.088,1.088,1.071,1.071,-0.017,-1.5625,273214.0,29491.967
561560.SH,20230822,1.091,1.09,1.097,1.074,1.088,-0.003,-0.275,230733.0,25015.163
561560.SH,20230821,1.099,1.095,1.102,1.087,1.091,-0.008,-0.7279,241632.0,26456.744
561560.SH,20230818,1.104,1.104,1.111,1.099,1.099,-0.005,-0.4529,197959.0,21883.614
561560.SH,20230817,1.103,1.1,1.106,1.092,1.104,0.001,0.0907,182699.0,20021.781
561560.SH,20230816,1.11,1.106,1.111,1.102,1.103,-0.007,-0.6306,203770.0,22505.633
561560.SH,20230815,1.104,1.107,1.119,1.103,1.11,0.006,0.5435,239440.0,26601.333
561560.SH,20230814,1.095,1.095,1.105,1.087,1.104,0.009,0.8219,274134.0,30031.092
561560.SH,20230811,1.114,1.114,1.118,1.095,1.095,-0.019,-1.7056,215179.0,23717.834
561560.SH,20230810,1.112,1.11,1.117,1.11,1.114,0.002,0.1799,212859.0,23711.802
561560.SH,20230809,1.122,1.121,1.121,1.109,1.112,-0.01,-0.8913,314652.0,35013.415
561560.SH,20230808,1.13,1.126,1.134,1.119,1.122,-0.008,-0.708,772752.0,86786.213
561560.SH,20230807,1.122,1.122,1.13,1.115,1.13,0.008,0.713,392244.0,44048.295
561560.SH,20230804,1.128,1.128,1.134,1.121,1.122,-0.006,-0.5319,273031.0,30735.084
561560.SH,20230803,1.118,1.113,1.128,1.113,1.128,0.01,0.8945,348175.0,39098.542
561560.SH,20230802,1.128,1.136,1.136,1.116,1.118,-0.01,-0.8865,246067.0,27562.993
561560.SH,20230801,1.112,1.115,1.129,1.111,1.128,0.016,1.4388,960387.0,107952.027
561560.SH,20230731,1.105,1.104,1.113,1.103,1.112,0.007,0.6335,452419.0,50192.46
561560.SH,20230728,1.099,1.094,1.106,1.092,1.105,0.006,0.546,445284.0,48936.852
561560.SH,20230727,1.104,1.105,1.112,1.097,1.099,-0.005,-0.4529,770469.0,84998.667
561560.SH,20230726,1.105,1.102,1.104,1.098,1.104,-0.001,-0.0905,912027.0,100325.1
561560.SH,20230725,1.115,1.113,1.119,1.1,1.105,-0.01,-0.8969,438986.0,48458.778
561560.SH,20230724,1.11,1.109,1.117,1.102,1.115,0.005,0.4505,184949.0,20564.972
561560.SH,20230721,1.109,1.107,1.111,1.105,1.11,0.001,0.0902,257180.0,28504.52
561560.SH,20230720,1.119,1.12,1.121,1.106,1.109,-0.01,-0.8937,240685.0,26780.984
561560.SH,20230719,1.119,1.123,1.123,1.113,1.119,0.0,0.0,254031.0,28389.161
561560.SH,20230718,1.129,1.129,1.129,1.117,1.119,-0.01,-0.8857,320927.0,35950.489
561560.SH,20230717,1.13,1.127,1.136,1.126,1.129,-0.001,-0.0885,179311.0,20243.072
561560.SH,20230714,1.139,1.139,1.139,1.125,1.13,-0.009,-0.7902,345400.0,39045.449
561560.SH,20230713,1.136,1.133,1.141,1.131,1.139,0.003,0.2641,322421.0,36674.85
561560.SH,20230712,1.138,1.137,1.139,1.13,1.136,-0.002,-0.1757,354926.0,40265.331
561560.SH,20230711,1.143,1.142,1.142,1.126,1.138,-0.005,-0.4374,415565.0,47084.797
561560.SH,20230710,1.135,1.143,1.154,1.135,1.143,0.008,0.7048,465475.64,53287.443
561560.SH,20230707,1.125,1.125,1.137,1.123,1.135,0.01,0.8889,473040.0,53576.844
561560.SH,20230706,1.126,1.127,1.133,1.12,1.125,-0.001,-0.0888,526624.0,59241.258
561560.SH,20230705,1.129,1.127,1.138,1.123,1.126,-0.003,-0.2657,380130.0,42885.092
561560.SH,20230704,1.138,1.132,1.136,1.124,1.129,-0.009,-0.7909,382715.0,43217.459
561560.SH,20230703,1.125,1.126,1.142,1.126,1.138,0.013,1.1556,594413.18,67411.495
561560.SH,20230630,1.138,1.136,1.139,1.122,1.125,-0.013,-1.1424,549083.0,61865.795
561560.SH,20230629,1.142,1.139,1.139,1.126,1.138,-0.004,-0.3503,656572.0,74435.812
561560.SH,20230628,1.127,1.122,1.144,1.117,1.142,0.015,1.331,894462.0,101848.359
561560.SH,20230627,1.13,1.131,1.136,1.105,1.127,-0.003,-0.2655,853719.0,95397.018
561560.SH,20230626,1.105,1.105,1.131,1.103,1.13,0.025,2.2624,960839.48,107821.383
561560.SH,20230621,1.099,1.097,1.118,1.097,1.105,0.006,0.546,736210.0,81697.034
561560.SH,20230620,1.103,1.103,1.106,1.094,1.099,-0.004,-0.3626,564444.0,62116.02
561560.SH,20230619,1.096,1.095,1.105,1.09,1.103,0.007,0.6387,454893.0,49938.318
561560.SH,20230616,1.105,1.104,1.104,1.092,1.096,-0.009,-0.8145,610099.0,66858.755
561560.SH,20230615,1.095,1.096,1.105,1.09,1.105,0.01,0.9132,703604.0,77085.965
561560.SH,20230614,1.107,1.106,1.107,1.092,1.095,-0.012,-1.084,353942.0,38885.96
561560.SH,20230613,1.113,1.113,1.118,1.102,1.107,-0.006,-0.5391,303546.0,33661.822
561560.SH,20230612,1.131,1.131,1.137,1.112,1.113,-0.018,-1.5915,274867.0,30832.664
561560.SH,20230609,1.116,1.115,1.134,1.11,1.131,0.015,1.3441,337247.42,37916.218
561560.SH,20230608,1.11,1.103,1.118,1.099,1.116,0.006,0.5405,288884.42,31998.333
561560.SH,20230607,1.107,1.102,1.112,1.098,1.11,0.003,0.271,285811.0,31528.064
561560.SH,20230606,1.138,1.138,1.138,1.105,1.107,-0.031,-2.7241,380980.0,42555.683
561560.SH,20230605,1.133,1.135,1.147,1.129,1.138,0.005,0.4413,355572.0,40460.057
561560.SH,20230602,1.137,1.13,1.147,1.13,1.133,-0.004,-0.3518,285681.0,32490.008
561560.SH,20230601,1.152,1.159,1.159,1.134,1.137,-0.015,-1.3021,288170.0,32869.653
561560.SH,20230531,1.163,1.162,1.164,1.143,1.152,-0.011,-0.9458,249606.0,28746.914
561560.SH,20230530,1.166,1.169,1.17,1.151,1.163,-0.003,-0.2573,372736.0,43320.25
561560.SH,20230529,1.136,1.142,1.172,1.133,1.166,0.03,2.6408,354175.0,41093.804
561560.SH,20230526,1.124,1.131,1.142,1.126,1.136,0.012,1.0676,220931.0,25052.174
561560.SH,20230525,1.115,1.112,1.128,1.109,1.124,0.009,0.8072,244203.57,27376.793
561560.SH,20230524,1.127,1.116,1.128,1.111,1.115,-0.012,-1.0648,259566.0,29033.654
561560.SH,20230523,1.15,1.142,1.147,1.124,1.127,-0.023,-2.0,626243.0,71227.126
561560.SH,20230522,1.119,1.114,1.153,1.114,1.15,0.031,2.7703,304523.57,34765.998
561560.SH,20230519,1.131,1.124,1.13,1.117,1.119,-0.012,-1.061,483357.0,54264.747
561560.SH,20230518,1.14,1.136,1.146,1.127,1.131,-0.009,-0.7895,565155.0,64212.011
561560.SH,20230517,1.138,1.13,1.141,1.121,1.14,0.002,0.1757,496241.0,56025.98
561560.SH,20230516,1.136,1.138,1.142,1.122,1.138,0.002,0.1761,248742.0,28147.273
561560.SH,20230515,1.146,1.156,1.158,1.124,1.136,-0.01,-0.8726,320869.0,36524.486
561560.SH,20230512,1.129,1.127,1.157,1.121,1.146,0.017,1.5058,234012.0,26779.465
561560.SH,20230511,1.113,1.109,1.144,1.105,1.129,0.016,1.4376,235649.0,26604.448
561560.SH,20230510,1.119,1.11,1.13,1.108,1.113,-0.006,-0.5362,216458.18,24208.213
561560.SH,20230509,1.133,1.135,1.137,1.118,1.119,-0.014,-1.2357,232271.0,26225.639
561560.SH,20230508,1.122,1.122,1.145,1.12,1.133,0.011,0.9804,213586.0,24211.937
561560.SH,20230505,1.123,1.122,1.128,1.11,1.122,-0.001,-0.089,201716.0,22528.204
561560.SH,20230504,1.097,1.093,1.126,1.09,1.123,0.026,2.3701,231568.0,25818.33
561560.SH,20230428,1.092,1.09,1.097,1.081,1.097,0.005,0.4579,217143.0,23608.884
561560.SH,20230427,1.089,1.08,1.096,1.072,1.092,0.003,0.2755,229133.0,24816.673
561560.SH,20230426,1.068,1.073,1.092,1.07,1.089,0.021,1.9663,245571.0,26670.456
561560.SH,20230425,1.069,1.073,1.08,1.055,1.068,-0.001,-0.0935,170387.0,18266.496
561560.SH,20230424,1.066,1.065,1.076,1.062,1.069,0.003,0.2814,216164.0,23085.852
561560.SH,20230421,1.079,1.082,1.082,1.065,1.066,-0.013,-1.2048,176663.0,19006.732
561560.SH,20230420,1.081,1.075,1.083,1.069,1.079,-0.002,-0.185,193981.0,20838.728
561560.SH,20230419,1.084,1.083,1.091,1.079,1.081,-0.003,-0.2768,248674.0,26986.125
561560.SH,20230418,1.092,1.093,1.097,1.08,1.084,-0.008,-0.7326,192268.0,20827.371
561560.SH,20230417,1.084,1.082,1.095,1.082,1.092,0.008,0.738,211524.0,23027.026
561560.SH,20230414,1.069,1.062,1.084,1.062,1.084,0.015,1.4032,225340.0,24267.039
561560.SH,20230413,1.062,1.065,1.074,1.061,1.069,0.007,0.6591,208961.0,22324.662
561560.SH,20230412,1.064,1.068,1.068,1.058,1.062,-0.002,-0.188,129656.19,13768.683
561560.SH,20230411,1.067,1.069,1.069,1.056,1.064,-0.003,-0.2812,173524.19,18385.382
561560.SH,20230410,1.045,1.052,1.067,1.046,1.067,0.022,2.1053,212982.0,22592.82
561560.SH,20230407,1.04,1.04,1.046,1.036,1.045,0.005,0.4808,139380.0,14527.017
561560.SH,20230406,1.043,1.043,1.043,1.035,1.04,-0.003,-0.2876,207387.0,21519.99
561560.SH,20230404,1.041,1.048,1.048,1.035,1.043,0.002,0.1921,180490.0,18758.296
561560.SH,20230403,1.044,1.047,1.048,1.035,1.041,-0.003,-0.2874,176304.0,18315.825
561560.SH,20230331,1.042,1.043,1.047,1.04,1.044,0.002,0.1919,158577.0,16557.417
561560.SH,20230330,1.036,1.035,1.043,1.032,1.042,0.006,0.5792,183271.0,19026.636
561560.SH,20230329,1.036,1.039,1.042,1.032,1.036,0.0,0.0,148365.0,15353.533
561560.SH,20230328,1.042,1.04,1.042,1.035,1.036,-0.006,-0.5758,164270.0,17046.65
561560.SH,20230327,1.056,1.064,1.064,1.037,1.042,-0.014,-1.3258,238483.0,24842.95
561560.SH,20230324,1.06,1.061,1.063,1.054,1.056,-0.004,-0.3774,131010.58,13845.079
561560.SH,20230323,1.063,1.063,1.064,1.052,1.06,-0.003,-0.2822,188636.0,19926.518
561560.SH,20230322,1.061,1.066,1.067,1.057,1.063,0.002,0.1885,153588.0,16311.785
561560.SH,20230321,1.061,1.06,1.067,1.058,1.061,0.0,0.0,143613.0,15248.733
561560.SH,20230320,1.076,1.073,1.082,1.059,1.061,-0.015,-1.3941,193217.0,20688.025
561560.SH,20230317,1.069,1.071,1.084,1.069,1.076,0.007,0.6548,226740.0,24461.475
561560.SH,20230316,1.079,1.072,1.08,1.065,1.069,-0.01,-0.9268,233599.0,25119.674
561560.SH,20230315,1.066,1.062,1.081,1.059,1.079,0.013,1.2195,192223.0,20565.09
561560.SH,20230314,1.06,1.059,1.074,1.054,1.066,0.006,0.566,174588.0,18580.192
561560.SH,20230313,1.053,1.053,1.061,1.05,1.06,0.007,0.6648,186742.0,19737.892
561560.SH,20230310,1.062,1.055,1.062,1.05,1.053,-0.009,-0.8475,176850.0,18643.852
561560.SH,20230309,1.065,1.067,1.07,1.06,1.062,-0.003,-0.2817,193599.0,20591.73
561560.SH,20230308,1.069,1.064,1.07,1.058,1.065,-0.004,-0.3742,158316.0,16871.698
561560.SH,20230307,1.079,1.077,1.089,1.069,1.069,-0.01,-0.9268,271640.0,29352.14
561560.SH,20230306,1.073,1.073,1.084,1.072,1.079,0.006,0.5592,233909.0,25212.484
561560.SH,20230303,1.059,1.063,1.075,1.059,1.073,0.014,1.322,252724.0,26989.324
561560.SH,20230302,1.057,1.055,1.067,1.055,1.059,0.002,0.1892,170646.0,18119.203
561560.SH,20230301,1.052,1.052,1.058,1.049,1.057,0.005,0.4753,164949.0,17375.742
561560.SH,20230228,1.04,1.038,1.052,1.038,1.052,0.012,1.1538,173536.0,18128.494
561560.SH,20230227,1.04,1.036,1.044,1.036,1.04,0.0,0.0,174111.0,18105.079
561560.SH,20230224,1.042,1.043,1.043,1.037,1.04,-0.002,-0.1919,179681.0,18690.64
561560.SH,20230223,1.047,1.048,1.048,1.038,1.042,-0.005,-0.4776,248436.0,25880.688
561560.SH,20230222,1.05,1.05,1.054,1.044,1.047,-0.003,-0.2857,114914.32,12055.202
561560.SH,20230221,1.043,1.043,1.052,1.041,1.05,0.007,0.6711,204178.0,21405.154
561560.SH,20230220,1.037,1.036,1.045,1.032,1.043,0.006,0.5786,264878.0,27496.061
561560.SH,20230217,1.042,1.038,1.046,1.035,1.037,-0.005,-0.4798,223055.0,23206.484
561560.SH,20230216,1.057,1.057,1.063,1.035,1.042,-0.015,-1.4191,243092.0,25574.412
561560.SH,20230215,1.063,1.058,1.065,1.055,1.057,-0.006,-0.5644,225334.51,23857.414
561560.SH,20230214,1.061,1.06,1.07,1.059,1.063,0.002,0.1885,224600.19,23899.396
561560.SH,20230213,1.065,1.065,1.078,1.059,1.061,-0.004,-0.3756,274729.19,29243.945
561560.SH,20230210,1.053,1.054,1.066,1.049,1.065,0.012,1.1396,307384.0,32565.031
561560.SH,20230209,1.05,1.05,1.054,1.048,1.053,0.003,0.2857,228124.0,23984.574
561560.SH,20230208,1.055,1.056,1.056,1.049,1.05,-0.005,-0.4739,207372.0,21812.176
561560.SH,20230207,1.042,1.038,1.055,1.038,1.055,0.013,1.2476,321352.38,33728.707
561560.SH,20230206,1.042,1.04,1.049,1.032,1.042,0.0,0.0,211932.0,22107.48
561560.SH,20230203,1.049,1.047,1.049,1.035,1.042,-0.007,-0.6673,242898.33,25257.268
561560.SH,20230202,1.047,1.05,1.051,1.043,1.049,0.002,0.191,203233.0,21296.718
561560.SH,20230201,1.045,1.045,1.053,1.036,1.047,0.002,0.1914,328906.0,34251.425
561560.SH,20230131,1.041,1.042,1.045,1.035,1.045,0.004,0.3842,250630.24,26064.639
561560.SH,20230130,1.045,1.059,1.059,1.039,1.041,-0.004,-0.3828,325508.0,33976.706
561560.SH,20230120,1.028,1.03,1.046,1.028,1.045,0.017,1.6537,516603.0,53737.415
561560.SH,20230119,1.033,1.033,1.033,1.023,1.028,-0.005,-0.484,298418.09,30617.388
561560.SH,20230118,1.031,1.031,1.036,1.031,1.033,0.002,0.194,164915.0,17038.613
561560.SH,20230117,1.039,1.038,1.039,1.028,1.031,-0.008,-0.77,171648.0,17712.321
561560.SH,20230116,1.034,1.034,1.042,1.03,1.039,0.005,0.4836,320258.0,33193.457
561560.SH,20230113,1.035,1.034,1.036,1.027,1.034,-0.001,-0.0966,206731.0,21316.423
561560.SH,20230112,1.036,1.036,1.041,1.033,1.035,-0.001,-0.0965,234084.0,24276.59
561560.SH,20230111,1.042,1.041,1.046,1.033,1.036,-0.006,-0.5758,297185.0,30831.453
561560.SH,20230110,1.048,1.048,1.052,1.04,1.042,-0.006,-0.5725,196355.0,20529.397
561560.SH,20230109,1.063,1.058,1.065,1.047,1.048,-0.015,-1.4111,219798.0,23110.66
561560.SH,20230106,1.057,1.053,1.071,1.052,1.063,0.006,0.5676,389785.0,41495.66
561560.SH,20230105,1.05,1.04,1.06,1.04,1.057,0.007,0.6667,330679.0,34946.239
561560.SH,20230104,1.054,1.049,1.058,1.047,1.05,-0.004,-0.3795,288512.0,30343.173
561560.SH,20230103,1.033,1.035,1.055,1.03,1.054,0.021,2.0329,304030.0,31846.179
561560.SH,20221230,1.018,1.015,1.038,1.015,1.033,0.015,1.4735,276529.0,28454.227
561560.SH,20221229,1.027,1.024,1.026,1.015,1.018,-0.009,-0.8763,295362.0,30095.851
561560.SH,20221228,0.999,0.998,1.028,0.995,1.027,0.028,2.8028,438987.0,44736.318
561560.SH,20221227,0.996,0.998,1.0,0.994,0.999,0.003,0.3012,263521.0,26259.307
561560.SH,20221226,0.981,0.987,0.996,0.978,0.996,0.015,1.5291,306071.0,30135.771
561560.SH,20221223,0.977,0.977,0.982,0.972,0.981,0.004,0.4094,296377.0,28966.387
561560.SH,20221222,0.989,0.989,0.996,0.973,0.977,-0.012,-1.2133,278926.0,27498.045
561560.SH,20221221,0.998,0.998,0.998,0.987,0.989,-0.009,-0.9018,197046.0,19519.376
561560.SH,20221220,0.994,0.995,1.001,0.99,0.998,0.004,0.4024,202843.0,20217.839
561560.SH,20221219,1.019,1.022,1.022,0.992,0.994,-0.025,-2.4534,323963.0,32506.084
561560.SH,20221216,1.017,1.014,1.024,1.011,1.019,0.002,0.1967,253007.0,25743.132
561560.SH,20221215,1.013,1.014,1.017,1.007,1.017,0.004,0.3949,153162.0,15486.774
561560.SH,20221214,1.018,1.02,1.021,1.011,1.013,-0.005,-0.4912,271974.0,27615.571
561560.SH,20221213,1.018,1.021,1.022,1.014,1.018,0.0,0.0,348089.38,35442.062
561560.SH,20221212,1.035,1.035,1.036,1.015,1.018,-0.017,-1.6425,369130.0,37661.077
561560.SH,20221209,1.044,1.04,1.047,1.031,1.035,-0.009,-0.8621,375840.0,38924.326
561560.SH,20221208,1.05,1.039,1.051,1.039,1.044,-0.006,-0.5714,273305.0,28526.328
561560.SH,20221207,1.061,1.062,1.062,1.046,1.05,-0.011,-1.0368,347214.0,36519.055
561560.SH,20221206,1.077,1.077,1.077,1.057,1.061,-0.016,-1.4856,329316.0,35025.535
561560.SH,20221205,1.064,1.065,1.078,1.063,1.077,0.013,1.2218,336858.0,36010.972
561560.SH,20221202,1.065,1.064,1.067,1.057,1.064,-0.001,-0.0939,204451.0,21724.139
561560.SH,20221201,1.065,1.068,1.073,1.062,1.065,0.0,0.0,327249.0,34869.17
561560.SH,20221130,1.07,1.058,1.075,1.058,1.065,-0.005,-0.4673,349097.0,37277.146
561560.SH,20221129,1.08,1.083,1.085,1.052,1.07,-0.01,-0.9259,405505.0,43234.134
561560.SH,20221128,1.067,1.059,1.081,1.045,1.08,0.013,1.2184,410713.0,43863.761
561560.SH,20221125,1.059,1.059,1.068,1.056,1.067,0.008,0.7554,366550.0,38983.749
561560.SH,20221124,1.057,1.064,1.068,1.057,1.059,0.002,0.1892,324537.0,34445.355
561560.SH,20221123,1.039,1.04,1.058,1.04,1.057,0.018,1.7324,386906.0,40542.912
561560.SH,20221122,1.04,1.042,1.052,1.034,1.039,-0.001,-0.0962,279176.0,29042.261
561560.SH,20221121,1.035,1.034,1.042,1.024,1.04,0.005,0.4831,321170.42,33269.443
561560.SH,20221118,1.029,1.03,1.038,1.027,1.035,0.006,0.5831,219634.05,22668.711
561560.SH,20221117,1.037,1.037,1.037,1.023,1.029,-0.008,-0.7715,251377.16,25789.617
561560.SH,20221116,1.029,1.029,1.054,1.029,1.037,0.008,0.7775,285687.0,29740.115
561560.SH,20221115,1.015,1.02,1.029,1.012,1.029,0.014,1.3793,179073.0,18266.253
561560.SH,20221114,1.025,1.024,1.027,1.013,1.015,-0.01,-0.9756,183455.0,18687.972
561560.SH,20221111,1.012,1.022,1.031,1.014,1.025,0.013,1.2846,368000.31,37543.161
561560.SH,20221110,1.019,1.022,1.022,1.011,1.012,-0.007,-0.6869,254283.0,25803.04
561560.SH,20221109,1.017,1.017,1.021,1.012,1.019,0.002,0.1967,282014.0,28644.426
561560.SH,20221108,1.02,1.02,1.02,1.01,1.017,-0.003,-0.2941,291456.0,29566.327
561560.SH,20221107,1.02,1.01,1.022,1.01,1.02,0.0,0.0,290486.0,29545.26
561560.SH,20221104,1.0,0.997,1.022,0.997,1.02,0.02,2.0,225691.0,22908.443
561560.SH,20221103,1.005,1.0,1.003,0.993,1.0,-0.005,-0.4975,150390.0,15016.569
561560.SH,20221102,1.005,1.002,1.005,0.989,1.005,0.0,0.0,247590.0,24621.135
561560.SH,20221101,0.99,0.99,1.005,0.986,1.005,0.015,1.5152,297259.0,29561.668
561560.SH,20221031,0.995,0.993,0.999,0.98,0.99,-0.005,-0.5025,251230.0,24908.872
561560.SH,20221028,1.027,1.028,1.028,0.99,0.995,-0.032,-3.1159,292132.0,29495.844
561560.SH,20221027,1.058,1.057,1.057,1.026,1.027,-0.031,-2.9301,352600.0,36519.193
561560.SH,20221026,1.053,1.05,1.064,1.05,1.058,0.005,0.4748,210336.0,22253.689
561560.SH,20221025,1.046,1.048,1.056,1.037,1.053,0.007,0.6692,255587.0,26831.446
561560.SH,20221024,1.062,1.063,1.069,1.04,1.046,-0.016,-1.5066,153161.0,16155.626
561560.SH,20221021,1.046,1.044,1.075,1.044,1.062,0.016,1.5296,258483.0,27569.054
561560.SH,20221020,1.057,1.056,1.06,1.045,1.046,-0.011,-1.0407,242356.0,25456.544
561560.SH,20221019,1.073,1.071,1.075,1.057,1.057,-0.016,-1.4911,349515.0,37285.359
561560.SH,20221018,1.071,1.075,1.083,1.069,1.073,0.002,0.1867,294519.46,31637.313
561560.SH,20221017,1.077,1.077,1.078,1.051,1.071,-0.006,-0.5571,265169.0,28252.414
561560.SH,20221014,1.07,1.071,1.079,1.067,1.077,0.007,0.6542,283121.0,30432.631
561560.SH,20221013,1.059,1.061,1.075,1.049,1.07,0.011,1.0387,285191.0,30314.127
561560.SH,20221012,1.043,1.035,1.061,1.025,1.059,0.016,1.534,378476.0,39253.182
561560.SH,20221011,1.009,1.009,1.044,1.006,1.043,0.034,3.3697,303624.42,31256.671
561560.SH,20221010,1.009,1.008,1.023,1.005,1.009,0.0,0.0,203098.0,20631.762
561560.SH,20220930,1.009,0.996,1.016,0.996,1.009,0.0,0.0,305563.0,30906.621
561560.SH,20220929,1.016,1.02,1.024,1.003,1.009,-0.007,-0.689,273630.0,27758.19
561560.SH,20220928,1.039,1.039,1.044,1.014,1.016,-0.023,-2.2137,280930.0,28740.076
561560.SH,20220927,1.035,1.035,1.044,1.024,1.039,0.004,0.3865,306403.0,31656.262
561560.SH,20220926,1.052,1.043,1.051,1.033,1.035,-0.017,-1.616,286575.0,29940.893
561560.SH,20220923,1.068,1.068,1.074,1.047,1.052,-0.016,-1.4981,250909.0,26577.484
561560.SH,20220922,1.071,1.07,1.07,1.056,1.068,-0.003,-0.2801,291169.0,31045.476
561560.SH,20220921,1.053,1.052,1.076,1.043,1.071,0.018,1.7094,344174.0,36618.883
561560.SH,20220920,1.047,1.048,1.06,1.048,1.053,0.006,0.5731,279432.0,29444.771
561560.SH,20220919,1.057,1.057,1.057,1.032,1.047,-0.01,-0.9461,280013.17,29303.583
561560.SH,20220916,1.096,1.086,1.094,1.057,1.057,-0.039,-3.5584,358001.0,38471.148
561560.SH,20220915,1.116,1.122,1.128,1.087,1.096,-0.02,-1.7921,362386.0,39943.94
561560.SH,20220914,1.133,1.112,1.132,1.112,1.116,-0.017,-1.5004,294742.0,32966.131
561560.SH,20220913,1.154,1.155,1.158,1.132,1.133,-0.021,-1.8198,354865.0,40360.496
561560.SH,20220909,1.158,1.158,1.166,1.144,1.154,-0.004,-0.3454,383181.0,44252.634
561560.SH,20220908,1.157,1.166,1.18,1.147,1.158,0.001,0.0864,384286.45,44756.043
561560.SH,20220907,1.136,1.131,1.158,1.122,1.157,0.021,1.8486,396891.32,45222.202
561560.SH,20220906,1.112,1.115,1.138,1.103,1.136,0.024,2.1583,464446.0,52223.769
561560.SH,20220905,1.094,1.092,1.115,1.088,1.112,0.018,1.6453,294254.0,32517.076
561560.SH,20220902,1.08,1.08,1.111,1.08,1.094,0.014,1.2963,197753.0,21697.734
561560.SH,20220901,1.089,1.075,1.1,1.075,1.08,-0.009,-0.8264,261060.0,28471.117
561560.SH,20220831,1.109,1.097,1.114,1.086,1.089,-0.02,-1.8034,222588.0,24353.192
561560.SH,20220830,1.124,1.135,1.135,1.102,1.109,-0.015,-1.3345,273832.34,30450.064
561560.SH,20220829,1.129,1.103,1.127,1.103,1.124,-0.005,-0.4429,284578.0,31823.281
561560.SH,20220826,1.132,1.132,1.145,1.117,1.129,-0.003,-0.265,309965.81,35052.476
561560.SH,20220825,1.117,1.12,1.135,1.113,1.132,0.015,1.3429,295499.0,33215.576
561560.SH,20220824,1.142,1.14,1.141,1.114,1.117,-0.025,-2.1891,312666.0,35265.196
561560.SH,20220823,1.125,1.125,1.148,1.118,1.142,0.017,1.5111,357562.06,40556.677
561560.SH,20220822,1.133,1.134,1.148,1.123,1.125,-0.008,-0.7061,411687.0,46664.111
561560.SH,20220819,1.091,1.088,1.139,1.08,1.133,0.042,3.8497,396268.0,43695.557
561560.SH,20220818,1.112,1.112,1.115,1.088,1.091,-0.021,-1.8885,381846.0,42034.558
561560.SH,20220817,1.095,1.097,1.117,1.097,1.112,0.017,1.5525,335085.48,37114.765
561560.SH,20220816,1.083,1.092,1.1,1.088,1.095,0.012,1.108,335729.0,36694.772
561560.SH,20220815,1.07,1.07,1.086,1.068,1.083,0.013,1.215,329902.0,35456.422
561560.SH,20220812,1.057,1.058,1.075,1.054,1.07,0.013,1.2299,314652.0,33623.466
561560.SH,20220811,1.043,1.043,1.057,1.043,1.057,0.014,1.3423,262520.0,27645.181
561560.SH,20220810,1.052,1.05,1.051,1.036,1.043,-0.009,-0.8555,258517.0,26894.625
561560.SH,20220809,1.056,1.055,1.058,1.047,1.052,-0.004,-0.3788,226919.0,23870.203
561560.SH,20220808,1.045,1.045,1.058,1.034,1.056,0.011,1.0526,272376.0,28620.385
561560.SH,20220805,1.038,1.043,1.045,1.026,1.045,0.007,0.6744,303002.87,31253.554
561560.SH,20220804,1.019,1.019,1.039,1.019,1.038,0.019,1.8646,350457.0,36168.582
561560.SH,20220803,1.03,1.03,1.045,1.018,1.019,-0.011,-1.068,316495.0,32686.461
561560.SH,20220802,1.07,1.066,1.066,1.019,1.03,-0.04,-3.7383,327991.57,33836.655
561560.SH,20220801,1.079,1.076,1.079,1.057,1.07,-0.009,-0.8341,356999.0,37968.321
561560.SH,20220729,1.076,1.076,1.098,1.071,1.079,0.003,0.2788,378080.0,41106.385
561560.SH,20220728,1.074,1.08,1.122,1.071,1.076,0.002,0.1862,341123.0,36820.288
561560.SH,20220727,1.075,1.075,1.079,1.067,1.074,-0.001,-0.093,249589.0,26719.35
561560.SH,20220726,1.075,1.076,1.079,1.063,1.075,0.0,0.0,275789.0,29554.812
561560.SH,20220725,1.096,1.096,1.101,1.071,1.075,-0.021,-1.9161,273217.0,29485.21
561560.SH,20220722,1.096,1.097,1.107,1.087,1.096,0.0,0.0,308466.42,33857.931
561560.SH,20220721,1.12,1.115,1.12,1.095,1.096,-0.024,-2.1429,322645.67,35612.216
561560.SH,20220720,1.122,1.122,1.128,1.109,1.12,-0.002,-0.1783,289183.0,32267.275
561560.SH,20220719,1.138,1.138,1.14,1.114,1.122,-0.016,-1.406,268303.0,30115.273
561560.SH,20220718,1.107,1.107,1.139,1.107,1.138,0.031,2.8004,363510.0,40948.817
561560.SH,20220715,1.12,1.117,1.121,1.105,1.107,-0.013,-1.1607,376799.0,41944.18
561560.SH,20220714,1.151,1.152,1.152,1.116,1.12,-0.031,-2.6933,413253.0,46443.845
561560.SH,20220713,1.134,1.132,1.152,1.119,1.151,0.017,1.4991,391022.0,44498.668
561560.SH,20220712,1.13,1.11,1.152,1.11,1.134,0.004,0.354,441964.01,50289.056
561560.SH,20220711,1.121,1.126,1.142,1.122,1.13,0.009,0.8029,384356.0,43584.242
561560.SH,20220708,1.119,1.147,1.147,1.109,1.121,0.002,0.1787,293918.5,32763.723
561560.SH,20220707,1.099,1.092,1.127,1.092,1.119,0.02,1.8198,327271.29,36531.805
561560.SH,20220706,1.103,1.106,1.122,1.091,1.099,-0.004,-0.3626,257563.0,28395.537
561560.SH,20220705,1.102,1.11,1.119,1.096,1.103,0.001,0.0907,351145.13,38884.126
561560.SH,20220704,1.075,1.073,1.103,1.065,1.102,0.027,2.5116,365328.0,39954.262
561560.SH,20220701,1.055,1.059,1.082,1.058,1.075,0.02,1.8957,314651.0,33860.749
561560.SH,20220630,1.053,1.053,1.071,1.049,1.055,0.002,0.1899,311064.83,32826.651
561560.SH,20220629,1.064,1.067,1.067,1.05,1.053,-0.011,-1.0338,289277.84,30479.965
561560.SH,20220628,1.05,1.05,1.065,1.05,1.064,0.014,1.3333,322343.87,34057.948
561560.SH,20220627,1.053,1.054,1.054,1.043,1.05,-0.003,-0.2849,225877.0,23691.534
561560.SH,20220624,1.054,1.054,1.057,1.046,1.053,-0.001,-0.0949,291171.0,30607.69
561560.SH,20220623,1.049,1.042,1.055,1.037,1.054,0.005,0.4766,299332.0,31218.197
561560.SH,20220622,1.066,1.071,1.072,1.048,1.049,-0.017,-1.5947,311641.0,33007.381
561560.SH,20220621,1.06,1.064,1.072,1.056,1.066,0.006,0.566,308165.97,32776.363
561560.SH,20220620,1.045,1.045,1.067,1.041,1.06,0.015,1.4354,278155.24,29385.007
561560.SH,20220617,1.039,1.039,1.045,1.032,1.045,0.006,0.5775,291927.0,30310.027
561560.SH,20220616,1.046,1.043,1.049,1.037,1.039,-0.007,-0.6692,302936.0,31574.406
561560.SH,20220615,1.049,1.049,1.056,1.038,1.046,-0.003,-0.286,321679.36,33583.74
561560.SH,20220614,1.037,1.035,1.05,1.02,1.049,0.012,1.1572,205171.0,21282.893
561560.SH,20220613,1.061,1.041,1.061,1.028,1.037,-0.024,-2.262,293044.0,30430.194
561560.SH,20220610,1.044,1.043,1.062,1.03,1.061,0.017,1.6284,304057.58,32141.393
561560.SH,20220609,1.051,1.057,1.063,1.041,1.044,-0.007,-0.666,323247.0,34089.169
561560.SH,20220608,1.04,1.039,1.057,1.035,1.051,0.011,1.0577,355546.61,37252.606
561560.SH,20220607,1.046,1.046,1.052,1.035,1.04,-0.006,-0.5736,305874.37,31895.845
561560.SH,20220606,1.037,1.024,1.046,1.024,1.046,0.009,0.8679,316472.07,32765.114
561560.SH,20220602,1.044,1.042,1.045,1.033,1.037,-0.007,-0.6705,285635.42,29652.215
561560.SH,20220601,1.047,1.044,1.047,1.03,1.044,-0.003,-0.2865,248404.0,25826.23
561560.SH,20220531,1.033,1.033,1.051,1.031,1.047,0.014,1.3553,319711.77,33311.996
561560.SH,20220530,1.027,1.022,1.033,1.022,1.033,0.006,0.5842,326660.0,33598.664
561560.SH,20220527,1.03,1.03,1.037,1.02,1.027,-0.003,-0.2913,348441.0,35861.182
561560.SH,20220526,1.026,1.031,1.038,1.02,1.03,0.004,0.3899,394163.63,40573.805
561560.SH,20220525,0.996,0.995,1.026,0.991,1.026,0.03,3.012,359967.31,36275.893
561560.SH,20220524,1.018,1.018,1.026,0.994,0.996,-0.022,-2.1611,356808.0,36223.925
561560.SH,20220523,1.025,1.025,1.028,1.013,1.018,-0.007,-0.6829,260509.14,26506.937
561560.SH,20220520,1.016,1.02,1.035,1.019,1.025,0.009,0.8858,382810.46,39291.758
561560.SH,20220519,1.003,1.0,1.017,0.988,1.016,0.013,1.2961,620797.55,62558.829
561560.SH,20220518,0.996,0.995,1.011,0.993,1.003,0.007,0.7028,805171.84,80827.257
561560.SH,20220517,1.002,1.0,1.002,0.988,0.996,-0.006,-0.5988,400467.48,39782.813
561560.SH,20220516,1.012,1.009,1.011,0.997,1.002,-0.01,-0.9881,2192586.79,219926.505
