ts_code,trade_date,close,turnover_rate,turnover_rate_f,volume_ratio,pe,pe_ttm,pb,ps,ps_ttm,dv_ratio,dv_ttm,total_share,float_share,free_share,total_mv,circ_mv
000001.SZ,20260508,11.3,0.4116,0.9789,0.63,5.1436,5.0926,0.4725,1.6683,1.6486,5.2922,5.2922,1940591.8198,1940560.0653,816048.1215,21928687.5637,21928328.7379
000001.SZ,20260507,11.37,0.4828,1.1482,0.53,5.1755,5.1241,0.4754,1.6787,1.6589,5.2596,5.2596,1940591.8198,1940560.0653,816048.1215,22064528.9911,22064167.9425
000001.SZ,20260506,11.36,0.6268,1.4906,0.74,5.1709,5.1196,0.475,1.6772,1.6574,5.2642,5.2642,1940591.8198,1940560.0653,816048.1215,22045123.0729,22044762.3418
000001.SZ,20260430,11.49,0.5871,1.396,0.74,5.2301,5.1782,0.4805,1.6964,1.6764,5.2046,5.2046,1940591.8198,1940560.0653,816048.1215,22297400.0095,22297035.1503
000001.SZ,20260429,11.52,0.7103,1.6891,0.96,5.2437,5.1917,0.4817,1.7008,1.6807,5.1911,5.1911,1940591.8198,1940560.0653,816048.1215,22355617.7641,22355251.9523
000001.SZ,20260428,11.46,0.8628,2.0517,1.33,5.2164,5.1647,0.4792,1.6919,1.672,5.2183,5.2183,1940591.8198,1940560.0653,816048.1215,22239182.2549,22238818.3483
000001.SZ,20260427,11.38,1.7527,4.168,4.85,5.18,5.1286,0.4759,1.6801,1.6603,5.255,5.255,1940591.8198,1940560.0653,816048.1215,22083934.9093,22083573.5431
000001.SZ,20260424,11.0,0.3003,0.7141,0.8,5.007,5.007,0.4731,1.624,1.624,5.4365,5.4365,1940591.8198,1940560.0653,816048.1215,21346510.0178,21346160.7183
000001.SZ,20260423,11.0,0.334,0.7942,0.88,5.007,5.007,0.4731,1.624,1.624,5.4365,5.4365,1940591.8198,1940560.0653,816048.1215,21346510.0178,21346160.7183
000001.SZ,20260422,10.98,0.4324,1.0282,1.25,4.9979,4.9979,0.4722,1.6211,1.6211,5.4464,5.4464,1940591.8198,1940560.0653,816048.1215,21307698.1814,21307349.517
000001.SZ,20260421,11.08,0.4158,0.9888,1.33,5.0435,5.0435,0.4765,1.6358,1.6358,5.3972,5.3972,1940591.8198,1940560.0653,816048.1215,21501757.3634,21501405.5235
000001.SZ,20260420,11.06,0.3247,0.7721,1.12,5.0344,5.0344,0.4757,1.6329,1.6329,5.407,5.407,1940591.8198,1940560.0653,816048.1215,21462945.527,21462594.3222
000001.SZ,20260417,11.01,0.3723,0.8854,1.41,5.0116,5.0116,0.4735,1.6255,1.6255,5.4315,5.4315,1940591.8198,1940560.0653,816048.1215,21365915.936,21365566.319
000001.SZ,20260416,11.09,0.3509,0.8344,1.37,5.048,5.048,0.4769,1.6373,1.6373,5.3924,5.3924,1940591.8198,1940560.0653,816048.1215,21521163.2816,21520811.1242
000001.SZ,20260415,11.21,0.2597,0.6175,0.9,5.1026,5.1026,0.4821,1.655,1.655,5.3346,5.3346,1940591.8198,1940560.0653,816048.1215,21754034.3,21753678.332
000001.SZ,20260414,11.17,0.2557,0.608,0.85,5.0844,5.0844,0.4804,1.6491,1.6491,5.3537,5.3537,1940591.8198,1940560.0653,816048.1215,21676410.6272,21676055.9294
000001.SZ,20260413,11.07,0.2093,0.4976,0.62,5.0389,5.0389,0.4761,1.6344,1.6344,5.4021,5.4021,1940591.8198,1940560.0653,816048.1215,21482351.4452,21481999.9229
000001.SZ,20260410,11.09,0.2479,0.5895,0.61,5.048,5.048,0.4769,1.6373,1.6373,5.3924,5.3924,1940591.8198,1940560.0653,816048.1215,21521163.2816,21520811.1242
000001.SZ,20260409,11.1,0.3104,0.7381,0.71,5.0526,5.0526,0.4774,1.6388,1.6388,5.3875,5.3875,1940591.8198,1940560.0653,816048.1215,21540569.1998,21540216.7248
000001.SZ,20260408,11.22,0.4189,0.9962,0.88,5.1072,5.1072,0.4825,1.6565,1.6565,5.3299,5.3299,1940591.8198,1940560.0653,816048.1215,21773440.2182,21773083.9327
000001.SZ,20260407,11.03,0.3133,0.745,0.66,5.0207,5.0207,0.4744,1.6285,1.6285,5.4217,5.4217,1940591.8198,1940560.0653,816048.1215,21404727.7724,21404377.5203
000001.SZ,20260403,11.12,0.3905,0.9286,0.8,5.0617,5.0617,0.4782,1.6417,1.6417,5.3778,5.3778,1940591.8198,1940560.0653,816048.1215,21579381.0362,21579027.9261
000001.SZ,20260402,11.27,0.592,1.4079,1.3,5.1299,5.1299,0.4847,1.6639,1.6639,5.3062,5.3062,1940591.8198,1940560.0653,816048.1215,21870469.8091,21870111.9359
000001.SZ,20260401,11.15,0.4735,1.1261,1.08,5.0753,5.0753,0.4795,1.6462,1.6462,5.3633,5.3633,1940591.8198,1940560.0653,816048.1215,21637598.7908,21637244.7281
000001.SZ,20260331,11.08,0.6001,1.4271,1.24,5.0435,5.0435,0.4765,1.6358,1.6358,5.3972,5.3972,1940591.8198,1940560.0653,816048.1215,21501757.3634,21501405.5235
000001.SZ,20260330,10.99,0.3259,0.7751,0.56,5.0025,5.0025,0.4726,1.6225,1.6225,5.4414,5.4414,1940591.8198,1940560.0653,816048.1215,21327104.0996,21326755.1176
000001.SZ,20260327,11.02,0.4556,1.0834,0.79,5.0161,5.0161,0.4739,1.627,1.627,5.4266,5.4266,1940591.8198,1940560.0653,816048.1215,21385321.8542,21384971.9196
000001.SZ,20260326,10.94,0.4265,1.0142,0.77,4.9797,4.9797,0.4705,1.6152,1.6152,5.4663,5.4663,1940591.8198,1940560.0653,816048.1215,21230074.5086,21229727.1144
000001.SZ,20260325,10.94,0.3838,0.9127,0.68,4.9797,4.9797,0.4705,1.6152,1.6152,5.4663,5.4663,1940591.8198,1940560.0653,816048.1215,21230074.5086,21229727.1144
000001.SZ,20260324,10.88,0.836,1.9879,1.65,4.9524,4.9524,0.4679,1.6063,1.6063,5.4964,5.4964,1940591.8198,1940560.0653,816048.1215,21113638.9994,21113293.5105
000001.SZ,20260323,10.45,0.8142,1.9363,1.95,4.7567,4.7567,0.4494,1.5428,1.5428,5.7226,5.7226,1940591.8198,1940560.0653,816048.1215,20279184.5169,20278852.6824
000001.SZ,20260320,10.77,0.4298,1.0221,1.03,4.6958,4.8472,0.4714,1.4247,1.5393,5.5526,5.5526,1940591.8198,1940560.0653,816048.1215,20900173.8992,20899831.9033
000001.SZ,20260319,10.88,0.3217,0.7649,0.75,4.7438,4.8967,0.4762,1.4393,1.555,5.4964,5.4964,1940591.8198,1940560.0653,816048.1215,21113638.9994,21113293.5105
000001.SZ,20260318,10.96,0.4077,0.9694,0.96,4.7787,4.9327,0.4797,1.4499,1.5664,5.4563,5.4563,1940591.8198,1940560.0653,816048.1215,21268886.345,21268538.3157
000001.SZ,20260317,11.03,0.5548,1.3194,1.41,4.8092,4.9642,0.4827,1.4591,1.5764,5.4217,5.4217,1940591.8198,1940560.0653,816048.1215,21404727.7724,21404377.5203
000001.SZ,20260316,10.92,0.3688,0.8769,0.91,4.7612,4.9147,0.4779,1.4446,1.5607,5.4763,5.4763,1940591.8198,1940560.0653,816048.1215,21191262.6722,21190915.9131
000001.SZ,20260313,10.93,0.4339,1.0317,1.18,4.7656,4.9192,0.4784,1.4459,1.5621,5.4713,5.4713,1940591.8198,1940560.0653,816048.1215,21210668.5904,21210321.5137
000001.SZ,20260312,10.94,0.389,0.9251,1.07,4.7699,4.9237,0.4788,1.4472,1.5636,5.4663,5.4663,1940591.8198,1940560.0653,816048.1215,21230074.5086,21229727.1144
000001.SZ,20260311,10.89,0.3713,0.883,0.92,4.7481,4.9012,0.4766,1.4406,1.5564,5.4914,5.4914,1940591.8198,1940560.0653,816048.1215,21133044.9176,21132699.1111
000001.SZ,20260310,10.81,0.4072,0.9682,0.95,4.7133,4.8652,0.4731,1.43,1.545,5.532,5.532,1940591.8198,1940560.0653,816048.1215,20977797.572,20977454.3059
000001.SZ,20260309,10.76,0.4307,1.0243,1.01,4.6915,4.8427,0.4709,1.4234,1.5378,5.5577,5.5577,1940591.8198,1940560.0653,816048.1215,20880767.981,20880426.3026
000001.SZ,20260306,10.82,0.2456,0.584,0.56,4.7176,4.8697,0.4736,1.4314,1.5464,5.5269,5.5269,1940591.8198,1940560.0653,816048.1215,20997203.4902,20996859.9065
000001.SZ,20260305,10.81,0.3672,0.8733,0.83,4.7133,4.8652,0.4731,1.43,1.545,5.532,5.532,1940591.8198,1940560.0653,816048.1215,20977797.572,20977454.3059
000001.SZ,20260304,10.71,0.5615,1.3354,1.28,4.6697,4.8202,0.4687,1.4168,1.5307,5.5837,5.5837,1940591.8198,1940560.0653,816048.1215,20783738.3901,20783398.2994
000001.SZ,20260303,10.88,0.5301,1.2606,1.34,4.7438,4.8967,0.4762,1.4393,1.555,5.4964,5.4964,1940591.8198,1940560.0653,816048.1215,21113638.9994,21113293.5105
000001.SZ,20260302,10.85,0.4323,1.028,1.18,4.7307,4.8832,0.4749,1.4353,1.5507,5.5116,5.5116,1940591.8198,1940560.0653,816048.1215,21055421.2448,21055076.7085
000001.SZ,20260227,10.9,0.3155,0.7502,0.85,4.7525,4.9057,0.4771,1.4419,1.5578,5.4864,5.4864,1940591.8198,1940560.0653,816048.1215,21152450.8358,21152104.7118
000001.SZ,20260226,10.87,0.3673,0.8734,1.07,4.7394,4.8922,0.4757,1.438,1.5535,5.5015,5.5015,1940591.8198,1940560.0653,816048.1215,21094233.0812,21093887.9098
000001.SZ,20260225,10.86,0.5478,1.3028,1.85,4.7351,4.8877,0.4753,1.4366,1.5521,5.5066,5.5066,1940591.8198,1940560.0653,816048.1215,21074827.163,21074482.3092
000001.SZ,20260224,10.91,0.3105,0.7383,1.04,4.7569,4.9102,0.4775,1.4433,1.5593,5.4813,5.4813,1940591.8198,1940560.0653,816048.1215,21171856.754,21171510.3124
000001.SZ,20260213,10.91,0.286,0.6802,0.91,4.7569,4.9102,0.4775,1.4433,1.5593,5.4813,5.4813,1940591.8198,1940560.0653,816048.1215,21171856.754,21171510.3124
000001.SZ,20260212,10.96,0.3511,0.8349,0.96,4.7787,4.9327,0.4797,1.4499,1.5664,5.4563,5.4563,1940591.8198,1940560.0653,816048.1215,21268886.345,21268538.3157
000001.SZ,20260211,11.07,0.2221,0.5282,0.56,4.8266,4.9822,0.4845,1.4644,1.5821,5.4021,5.4021,1940591.8198,1940560.0653,816048.1215,21482351.4452,21481999.9229
000001.SZ,20260210,11.06,0.3094,0.7358,0.75,4.8223,4.9777,0.4841,1.4631,1.5807,5.407,5.407,1940591.8198,1940560.0653,816048.1215,21462945.527,21462594.3222
000001.SZ,20260209,11.07,0.3193,0.7594,0.67,4.8266,4.9822,0.4845,1.4644,1.5821,5.4021,5.4021,1940591.8198,1940560.0653,816048.1215,21482351.4452,21481999.9229
000001.SZ,20260206,11.05,0.375,0.8917,0.73,4.8179,4.9732,0.4836,1.4618,1.5793,5.4119,5.4119,1940591.8198,1940560.0653,816048.1215,21443539.6088,21443188.7216
000001.SZ,20260205,11.09,0.6068,1.443,1.04,4.8353,4.9912,0.4854,1.4671,1.585,5.3924,5.3924,1940591.8198,1940560.0653,816048.1215,21521163.2816,21520811.1242
000001.SZ,20260204,10.97,0.3584,0.8522,0.54,4.783,4.9372,0.4801,1.4512,1.5678,5.4514,5.4514,1940591.8198,1940560.0653,816048.1215,21288292.2632,21287943.9163
000001.SZ,20260203,10.84,0.4157,0.9885,0.62,4.7263,4.8787,0.4744,1.434,1.5493,5.5167,5.5167,1940591.8198,1940560.0653,816048.1215,21036015.3266,21035671.1079
000001.SZ,20260202,10.86,0.6303,1.4989,0.96,4.7351,4.8877,0.4753,1.4366,1.5521,5.5066,5.5066,1940591.8198,1940560.0653,816048.1215,21074827.163,21074482.3092
000001.SZ,20260130,10.83,0.5626,1.3379,0.85,4.722,4.8742,0.474,1.4327,1.5478,5.5218,5.5218,1940591.8198,1940560.0653,816048.1215,21016609.4084,21016265.5072
000001.SZ,20260129,10.96,0.9549,2.2707,1.74,4.7787,4.9327,0.4797,1.4499,1.5664,5.4563,5.4563,1940591.8198,1940560.0653,816048.1215,21268886.345,21268538.3157
000001.SZ,20260128,10.84,0.7414,1.7631,1.5,4.7263,4.8787,0.4744,1.434,1.5493,5.5167,5.5167,1940591.8198,1940560.0653,816048.1215,21036015.3266,21035671.1079
000001.SZ,20260127,10.94,0.4607,1.0956,0.96,4.7699,4.9237,0.4788,1.4472,1.5636,5.4663,5.4663,1940591.8198,1940560.0653,816048.1215,21230074.5086,21229727.1144
000001.SZ,20260126,10.96,0.5701,1.3556,1.26,4.7787,4.9327,0.4797,1.4499,1.5664,5.4563,5.4563,1940591.8198,1940560.0653,816048.1215,21268886.345,21268538.3157
000001.SZ,20260123,10.99,0.572,1.3602,1.27,4.7917,4.9462,0.481,1.4538,1.5707,5.4414,5.4414,1940591.8198,1940560.0653,816048.1215,21327104.0996,21326755.1176
000001.SZ,20260122,11.07,0.4064,0.9664,0.88,4.8266,4.9822,0.4845,1.4644,1.5821,5.4021,5.4021,1940591.8198,1940560.0653,816048.1215,21482351.4452,21481999.9229
000001.SZ,20260121,11.07,0.4638,1.103,0.93,4.8266,4.9822,0.4845,1.4644,1.5821,5.4021,5.4021,1940591.8198,1940560.0653,816048.1215,21482351.4452,21481999.9229
000001.SZ,20260120,11.16,0.398,0.9464,0.75,4.8659,5.0227,0.4884,1.4763,1.595,5.3585,5.3585,1940591.8198,1940560.0653,816048.1215,21657004.709,21656650.3287
000001.SZ,20260119,11.12,0.4147,0.9861,0.77,4.8484,5.0047,0.4867,1.471,1.5893,5.3778,5.3778,1940591.8198,1940560.0653,816048.1215,21579381.0362,21579027.9261
000001.SZ,20260116,11.19,0.5769,1.3718,1.11,4.8789,5.0362,0.4897,1.4803,1.5993,5.3442,5.3442,1940591.8198,1940560.0653,816048.1215,21715222.4636,21714867.1307
000001.SZ,20260115,11.31,0.456,1.0844,0.84,4.9313,5.0902,0.495,1.4962,1.6164,5.2875,5.2875,1940591.8198,1940560.0653,816048.1215,21948093.4819,21947734.3385
000001.SZ,20260114,11.36,0.6569,1.5621,1.28,4.9531,5.1127,0.4972,1.5028,1.6236,5.2642,5.2642,1940591.8198,1940560.0653,816048.1215,22045123.0729,22044762.3418
000001.SZ,20260113,11.47,0.547,1.3008,1.02,5.001,5.1622,0.502,1.5173,1.6393,5.2137,5.2137,1940591.8198,1940560.0653,816048.1215,22258588.1731,22258223.949
000001.SZ,20260112,11.48,0.4407,1.048,0.82,5.0054,5.1668,0.5024,1.5187,1.6407,5.2092,5.2092,1940591.8198,1940560.0653,816048.1215,22277994.0913,22277629.5496
000001.SZ,20260109,11.46,0.5068,1.2051,1.02,4.9967,5.1577,0.5016,1.516,1.6379,5.2183,5.2183,1940591.8198,1940560.0653,816048.1215,22239182.2549,22238818.3483
000001.SZ,20260108,11.51,0.5669,1.3481,1.27,5.0185,5.1803,0.5038,1.5226,1.645,5.1956,5.1956,1940591.8198,1940560.0653,816048.1215,22336211.8459,22335846.3516
000001.SZ,20260107,11.64,0.4979,1.184,1.21,5.0752,5.2388,0.5094,1.5398,1.6636,5.1376,5.1376,1940591.8198,1940560.0653,816048.1215,22588488.7825,22588119.1601
000001.SZ,20260106,11.67,0.6723,1.5987,2.08,5.0882,5.2523,0.5108,1.5438,1.6679,5.1244,5.1244,1940591.8198,1940560.0653,816048.1215,22646706.5371,22646335.9621
000001.SZ,20260105,11.5,0.4512,1.0728,1.56,5.0141,5.1758,0.5033,1.5213,1.6436,5.2001,5.2001,1940591.8198,1940560.0653,816048.1215,22316805.9277,22316440.751
000001.SZ,20251231,11.41,0.3044,0.7238,1.09,4.9749,5.1352,0.4994,1.5094,1.6307,8.4575,5.2411,1940591.8198,1940560.0653,816048.1215,22142152.6639,22141790.3451
000001.SZ,20251230,11.48,0.3002,0.7139,1.04,5.0054,5.1668,0.5024,1.5187,1.6407,8.4059,5.2092,1940591.8198,1940560.0653,816048.1215,22277994.0913,22277629.5496
000001.SZ,20251229,11.56,0.3341,0.7944,1.12,5.0403,5.2028,0.5059,1.5292,1.6522,8.3478,5.1731,1940591.8198,1940560.0653,816048.1215,22433241.4369,22432874.3549
000001.SZ,20251226,11.54,0.2249,0.5347,0.7,5.0316,5.1938,0.5051,1.5266,1.6493,8.3622,5.1821,1940591.8198,1940560.0653,816048.1215,22394429.6005,22394063.1536
000001.SZ,20251225,11.56,0.2821,0.6709,0.82,5.0403,5.2028,0.5059,1.5292,1.6522,8.3478,5.1731,1940591.8198,1940560.0653,816048.1215,22433241.4369,22432874.3549
000001.SZ,20251224,11.54,0.2604,0.6191,0.71,5.0316,5.1938,0.5051,1.5266,1.6493,8.3622,5.1821,1940591.8198,1940560.0653,816048.1215,22394429.6005,22394063.1536
000001.SZ,20251223,11.56,0.3433,0.8165,0.94,5.0403,5.2028,0.5059,1.5292,1.6522,8.3478,5.1731,1940591.8198,1940560.0653,816048.1215,22433241.4369,22432874.3549
000001.SZ,20251222,11.52,0.3826,0.9097,1.0,5.0228,5.1848,0.5042,1.524,1.6464,8.3767,5.1911,1940591.8198,1940560.0653,816048.1215,22355617.7641,22355251.9523
000001.SZ,20251219,11.62,0.3349,0.7964,0.76,5.0664,5.2298,0.5086,1.5372,1.6607,8.3046,5.1464,1940591.8198,1940560.0653,816048.1215,22549676.9461,22549307.9588
000001.SZ,20251218,11.64,0.4073,0.9687,0.9,5.0752,5.2388,0.5094,1.5398,1.6636,8.2904,5.1376,1940591.8198,1940560.0653,816048.1215,22588488.7825,22588119.1601
000001.SZ,20251217,11.53,0.3615,0.8596,0.74,5.0272,5.1893,0.5046,1.5253,1.6479,8.3695,5.1866,1940591.8198,1940560.0653,816048.1215,22375023.6823,22374657.5529
000001.SZ,20251216,11.48,0.3336,0.7933,0.67,5.0054,5.1668,0.5024,1.5187,1.6407,8.4059,5.2092,1940591.8198,1940560.0653,816048.1215,22277994.0913,22277629.5496
000001.SZ,20251215,11.51,0.4848,1.1529,0.99,5.0185,5.1803,0.5038,1.5226,1.645,8.384,5.1956,1940591.8198,1940560.0653,816048.1215,22336211.8459,22335846.3516
000001.SZ,20251212,11.35,0.6142,1.4606,1.34,4.9487,5.1082,0.4967,1.5015,1.6222,8.5022,5.2688,1940591.8198,1940560.0653,816048.1215,22025717.1547,22025356.7412
000001.SZ,20251211,11.37,0.4768,1.1338,1.05,4.9574,5.1172,0.4976,1.5041,1.625,8.4872,5.2596,1940591.8198,1940560.0653,816048.1215,22064528.9911,22064167.9425
000001.SZ,20251210,11.33,0.538,1.2794,1.21,4.94,5.0992,0.4959,1.4988,1.6193,8.5172,5.2781,1940591.8198,1940560.0653,816048.1215,21986905.3183,21986545.5398
000001.SZ,20251209,11.43,0.3782,0.8994,0.84,4.9836,5.1442,0.5003,1.512,1.6336,8.4427,5.232,1940591.8198,1940560.0653,816048.1215,22180964.5003,22180601.5464
000001.SZ,20251208,11.52,0.4411,1.0488,0.95,5.0228,5.1848,0.5042,1.524,1.6464,8.3767,5.1911,1940591.8198,1940560.0653,816048.1215,22355617.7641,22355251.9523
000001.SZ,20251205,11.53,0.459,1.0916,0.99,5.0272,5.1893,0.5046,1.5253,1.6479,8.3695,5.1866,1940591.8198,1940560.0653,816048.1215,22375023.6823,22374657.5529
000001.SZ,20251204,11.49,0.4566,1.0858,0.95,5.0098,5.1713,0.5029,1.52,1.6422,8.3986,5.2046,1940591.8198,1940560.0653,816048.1215,22297400.0095,22297035.1503
000001.SZ,20251203,11.55,0.4868,1.1575,1.04,5.0359,5.1983,0.5055,1.5279,1.6507,8.355,5.1776,1940591.8198,1940560.0653,816048.1215,22413835.5187,22413468.7542
000001.SZ,20251202,11.64,0.3958,0.9412,0.8,5.0752,5.2388,0.5094,1.5398,1.6636,8.2904,5.1376,1940591.8198,1940560.0653,816048.1215,22588488.7825,22588119.1601
000001.SZ,20251201,11.69,0.5345,1.2712,1.07,5.097,5.2613,0.5116,1.5464,1.6707,8.2549,5.1156,1940591.8198,1940560.0653,816048.1215,22685518.3735,22685147.1634
000001.SZ,20251128,11.61,0.4557,1.0837,0.81,5.0621,5.2253,0.5081,1.5359,1.6593,8.3118,5.1508,1940591.8198,1940560.0653,816048.1215,22530271.0279,22529902.3581
000001.SZ,20251127,11.71,0.5214,1.2399,0.83,5.1057,5.2703,0.5125,1.5491,1.6736,8.2408,5.1069,1940591.8198,1940560.0653,816048.1215,22724330.2099,22723958.3647
000001.SZ,20251126,11.69,0.4232,1.0064,0.62,5.097,5.2613,0.5116,1.5464,1.6707,8.2549,5.1156,1940591.8198,1940560.0653,816048.1215,22685518.3735,22685147.1634
000001.SZ,20251125,11.8,0.5298,1.2598,0.83,5.1449,5.3108,0.5164,1.561,1.6865,8.178,5.0679,1940591.8198,1940560.0653,816048.1215,22898983.4736,22898608.7705
000001.SZ,20251124,11.6,0.5757,1.3689,0.92,5.0577,5.2208,0.5077,1.5345,1.6579,8.319,5.1553,1940591.8198,1940560.0653,816048.1215,22510865.1097,22510496.7575
000001.SZ,20251121,11.69,0.7551,1.7957,1.23,5.097,5.2613,0.5116,1.5464,1.6707,8.2549,5.1156,1940591.8198,1940560.0653,816048.1215,22685518.3735,22685147.1634
000001.SZ,20251120,11.85,0.8436,2.0061,1.55,5.1667,5.3333,0.5186,1.5676,1.6936,8.1435,5.0465,1940591.8198,1940560.0653,816048.1215,22996013.0646,22995636.7738
000001.SZ,20251119,11.8,0.6879,1.6359,1.31,5.1449,5.3108,0.5164,1.561,1.6865,8.178,5.0679,1940591.8198,1940560.0653,816048.1215,22898983.4736,22898608.7705
000001.SZ,20251118,11.59,0.3453,0.8211,0.63,5.0534,5.2163,0.5073,1.5332,1.6565,8.3261,5.1597,1940591.8198,1940560.0653,816048.1215,22491459.1915,22491091.1568
000001.SZ,20251117,11.67,0.5129,1.2196,0.97,5.0882,5.2523,0.5108,1.5438,1.6679,8.2691,5.1244,1940591.8198,1940560.0653,816048.1215,22646706.5371,22646335.9621
000001.SZ,20251114,11.75,0.6787,1.6139,1.44,5.1231,5.2883,0.5143,1.5544,1.6793,8.2128,5.0895,1940591.8198,1940560.0653,816048.1215,22801953.8827,22801580.7673
000001.SZ,20251113,11.7,0.5045,1.1997,1.12,5.1013,5.2658,0.5121,1.5478,1.6722,8.2479,5.1112,1940591.8198,1940560.0653,816048.1215,22704924.2917,22704552.764
000001.SZ,20251112,11.68,0.5881,1.3986,1.42,5.0926,5.2568,0.5112,1.5451,1.6693,8.262,5.12,1940591.8198,1940560.0653,816048.1215,22666112.4553,22665741.5627
000001.SZ,20251111,11.67,0.4568,1.0863,0.96,5.0882,5.2523,0.5108,1.5438,1.6679,8.2691,5.1244,1940591.8198,1940560.0653,816048.1215,22646706.5371,22646335.9621
000001.SZ,20251110,11.63,0.4263,1.0137,0.87,5.0708,5.2343,0.509,1.5385,1.6622,8.2975,5.142,1940591.8198,1940560.0653,816048.1215,22569082.8643,22568713.5594
000001.SZ,20251107,11.55,0.3787,0.9005,0.74,5.0359,5.1983,0.5055,1.5279,1.6507,8.355,5.1776,1940591.8198,1940560.0653,816048.1215,22413835.5187,22413468.7542
000001.SZ,20251106,11.51,0.395,0.9394,0.74,5.0185,5.1803,0.5038,1.5226,1.645,8.384,5.1956,1940591.8198,1940560.0653,816048.1215,22336211.8459,22335846.3516
000001.SZ,20251105,11.52,0.4096,0.9741,0.74,5.0228,5.1848,0.5042,1.524,1.6464,8.3767,5.1911,1940591.8198,1940560.0653,816048.1215,22355617.7641,22355251.9523
000001.SZ,20251104,11.59,0.7745,1.8418,1.61,5.0534,5.2163,0.5073,1.5332,1.6565,8.3261,5.1597,1940591.8198,1940560.0653,816048.1215,22491459.1915,22491091.1568
000001.SZ,20251103,11.43,0.4907,1.167,0.96,4.9836,5.1442,0.5003,1.512,1.6336,8.4427,5.232,1940591.8198,1940560.0653,816048.1215,22180964.5003,22180601.5464
000001.SZ,20251031,11.32,0.5,1.1889,0.98,4.9356,5.0947,0.4954,1.4975,1.6179,8.5247,5.2828,1940591.8198,1940560.0653,816048.1215,21967499.4001,21967139.9392
000001.SZ,20251030,11.38,0.4863,1.1565,0.88,4.9618,5.1217,0.4981,1.5054,1.6264,8.4798,5.255,1940591.8198,1940560.0653,816048.1215,22083934.9093,22083573.5431
000001.SZ,20251029,11.39,0.4979,1.184,0.92,4.9662,5.1262,0.4985,1.5068,1.6279,8.4723,5.2503,1940591.8198,1940560.0653,816048.1215,22103340.8275,22102979.1438
000001.SZ,20251028,11.47,0.4234,1.0068,0.79,5.001,5.1622,0.502,1.5173,1.6393,8.4133,5.2137,1940591.8198,1940560.0653,816048.1215,22258588.1731,22258223.949
000001.SZ,20251027,11.52,0.6387,1.5189,1.26,5.0228,5.1848,0.5042,1.524,1.6464,8.3767,5.1911,1940591.8198,1940560.0653,816048.1215,22355617.7641,22355251.9523
000001.SZ,20251024,11.56,0.5053,1.2015,0.99,5.0403,5.1572,0.5151,1.5292,1.6145,8.3478,5.1731,1940591.8198,1940560.0653,816048.1215,22433241.4369,22432874.3549
000001.SZ,20251023,11.63,0.7076,1.6826,1.42,5.0708,5.1884,0.5182,1.5385,1.6243,8.2975,5.142,1940591.8198,1940560.0653,816048.1215,22569082.8643,22568713.5594
000001.SZ,20251022,11.52,0.4296,1.0216,0.79,5.0228,5.1393,0.5133,1.524,1.6089,8.3767,5.1911,1940591.8198,1940560.0653,816048.1215,22355617.7641,22355251.9523
000001.SZ,20251021,11.43,0.3922,0.9327,0.6,4.9836,5.0992,0.5093,1.512,1.5964,8.4427,5.232,1940591.8198,1940560.0653,816048.1215,22180964.5003,22180601.5464
000001.SZ,20251020,11.42,0.4909,1.1674,0.72,4.9792,5.0947,0.5088,1.5107,1.595,8.4501,5.2365,1940591.8198,1940560.0653,816048.1215,22161558.5821,22161195.9457
000001.SZ,20251017,11.4,0.5358,1.274,0.78,4.9705,5.0858,0.508,1.5081,1.5922,8.4649,5.2457,1940591.8198,1940560.0653,816048.1215,22122746.7457,22122384.7444
000001.SZ,20251016,11.54,0.6503,1.5464,0.98,5.0316,5.1483,0.5142,1.5266,1.6117,8.3622,5.1821,1940591.8198,1940560.0653,816048.1215,22394429.6005,22394063.1536
000001.SZ,20251015,11.4,0.655,1.5576,1.06,4.9705,5.0858,0.508,1.5081,1.5922,8.4649,5.2457,1940591.8198,1940560.0653,816048.1215,22122746.7457,22122384.7444
000001.SZ,20251014,11.57,0.9499,2.259,1.73,5.0446,5.1616,0.5102,1.5306,1.6159,8.3405,3.1288,1940591.8198,1940560.0653,816048.1215,22452647.3551,22452279.9555
000001.SZ,20251013,11.4,0.6023,1.4323,1.19,4.9705,5.0858,0.5027,1.5081,1.5922,8.4649,3.1755,1940591.8198,1940560.0653,816048.1215,22122746.7457,22122384.7444
000001.SZ,20251010,11.43,0.5606,1.3332,1.19,4.9836,5.0992,0.504,1.512,1.5964,8.4427,3.1671,1940591.8198,1940560.0653,816048.1215,22180964.5003,22180601.5464
000001.SZ,20251009,11.4,0.5398,1.2836,1.12,4.9705,5.0858,0.5027,1.5081,1.5922,8.4649,5.3334,1940591.8198,1940560.0653,816048.1215,22122746.7457,22122384.7444
000001.SZ,20250930,11.34,0.429,1.0201,0.8,4.9443,5.059,0.5,1.5001,1.5838,8.5097,5.3616,1940591.8198,1940560.0653,816048.1215,22006311.2365,22005951.1405
000001.SZ,20250929,11.37,0.606,1.4411,1.28,4.9574,5.0724,0.5013,1.5041,1.588,8.4872,5.3474,1940591.8198,1940560.0653,816048.1215,22064528.9911,22064167.9425
000001.SZ,20250926,11.4,0.3882,0.923,0.8,4.9705,5.0858,0.5027,1.5081,1.5922,8.4649,5.3334,1940591.8198,1940560.0653,816048.1215,22122746.7457,22122384.7444
000001.SZ,20250925,11.4,0.3985,0.9476,0.73,4.9705,5.0858,0.5027,1.5081,1.5922,8.4649,5.3334,1940591.8198,1940560.0653,816048.1215,22122746.7457,22122384.7444
000001.SZ,20250924,11.46,0.5872,1.3965,1.16,4.9967,5.1126,0.5053,1.516,1.6005,8.4206,5.3054,1940591.8198,1940560.0653,816048.1215,22239182.2549,22238818.3483
000001.SZ,20250923,11.52,0.6913,1.6438,1.56,5.0228,5.1393,0.508,1.524,1.6089,8.3767,5.2778,1940591.8198,1940560.0653,816048.1215,22355617.7641,22355251.9523
000001.SZ,20250922,11.38,0.3073,0.7308,0.66,4.9618,5.0769,0.5018,1.5054,1.5894,8.4798,5.3427,1940591.8198,1940560.0653,816048.1215,22083934.9093,22083573.5431
000001.SZ,20250919,11.45,0.4301,1.0228,0.9,4.9923,5.1081,0.5049,1.5147,1.5991,8.4279,5.3101,1940591.8198,1940560.0653,816048.1215,22219776.3367,22219412.7477
000001.SZ,20250918,11.41,0.7143,1.6986,1.64,4.9749,5.0903,0.5031,1.5094,1.5936,8.4575,5.3287,1940591.8198,1940560.0653,816048.1215,22142152.6639,22141790.3451
000001.SZ,20250917,11.64,0.3974,0.945,0.91,5.0752,5.1929,0.5132,1.5398,1.6257,8.2904,5.2234,1940591.8198,1940560.0653,816048.1215,22588488.7825,22588119.1601
000001.SZ,20250916,11.64,0.3649,0.8677,0.8,5.0752,5.1929,0.5132,1.5398,1.6257,8.2904,5.2234,1940591.8198,1940560.0653,816048.1215,22588488.7825,22588119.1601
000001.SZ,20250915,11.65,0.4331,1.0298,0.94,5.0795,5.1973,0.5137,1.5411,1.6271,8.2833,5.2189,1940591.8198,1940560.0653,816048.1215,22607894.7007,22607524.7607
000001.SZ,20250912,11.72,0.4846,1.1524,1.08,5.11,5.2286,0.5168,1.5504,1.6369,8.2338,5.1877,1940591.8198,1940560.0653,816048.1215,22743736.1281,22743363.9653
000001.SZ,20250911,11.85,0.4967,1.1812,1.03,5.1667,5.2866,0.5225,1.5676,1.655,8.1435,5.1308,1940591.8198,1940560.0653,816048.1215,22996013.0646,22995636.7738
000001.SZ,20250910,11.77,0.4085,0.9714,0.75,5.1318,5.2509,0.519,1.557,1.6438,8.1988,5.1657,1940591.8198,1940560.0653,816048.1215,22840765.719,22840391.9686
000001.SZ,20250909,11.75,0.4434,1.0545,0.73,5.1231,5.2419,0.5181,1.5544,1.641,8.2128,5.1745,1940591.8198,1940560.0653,816048.1215,22801953.8827,22801580.7673
000001.SZ,20250908,11.7,0.4764,1.1328,0.68,5.1013,5.2196,0.5159,1.5478,1.6341,8.2479,5.1966,1940591.8198,1940560.0653,816048.1215,22704924.2917,22704552.764
000001.SZ,20250905,11.72,0.4224,1.0044,0.52,5.11,5.2286,0.5168,1.5504,1.6369,8.2338,5.1877,1940591.8198,1940560.0653,816048.1215,22743736.1281,22743363.9653
000001.SZ,20250904,11.74,0.6675,1.5873,0.79,5.1188,5.2375,0.5177,1.5531,1.6396,8.2198,5.1789,1940591.8198,1940560.0653,816048.1215,22782547.9645,22782175.1666
000001.SZ,20250903,11.75,0.7046,1.6754,0.79,5.1231,5.2419,0.5181,1.5544,1.641,8.2128,5.1745,1940591.8198,1940560.0653,816048.1215,22801953.8827,22801580.7673
000001.SZ,20250902,11.98,0.7692,1.8292,0.87,5.2234,5.3446,0.5282,1.5848,1.6732,8.0551,5.0751,1940591.8198,1940560.0653,816048.1215,23248290.0012,23247909.5823
000001.SZ,20250901,11.89,0.9577,2.2774,0.95,5.1842,5.3044,0.5243,1.5729,1.6606,8.1161,5.1136,1940591.8198,1940560.0653,816048.1215,23073636.7374,23073259.1764
000001.SZ,20250829,12.05,0.9302,2.212,0.94,5.2539,5.3758,0.5313,1.5941,1.6829,8.0083,5.0457,1940591.8198,1940560.0653,816048.1215,23384131.4286,23383748.7869
000001.SZ,20250828,12.08,0.8521,2.0263,0.9,5.267,5.3892,0.5326,1.598,1.6871,7.9884,5.0331,1940591.8198,1940560.0653,816048.1215,23442349.1832,23441965.5888
000001.SZ,20250827,12.06,0.9585,2.2793,1.12,5.2583,5.3802,0.5318,1.5954,1.6843,8.0017,5.0415,1940591.8198,1940560.0653,816048.1215,23403537.3468,23403154.3875
000001.SZ,20250826,12.36,0.713,1.6955,0.88,5.3891,5.5141,0.545,1.6351,1.7262,7.8074,4.9191,1940591.8198,1940560.0653,816048.1215,23985714.8927,23985322.4071
000001.SZ,20250825,12.45,1.5692,3.7315,2.52,5.4283,5.5542,0.549,1.647,1.7388,7.751,4.8836,1940591.8198,1940560.0653,816048.1215,24160368.1565,24159972.813
000001.SZ,20250822,12.06,0.8473,2.0149,1.3,5.2583,5.3589,0.5454,1.5954,1.6524,8.0017,5.0415,1940591.8198,1940557.185,816045.2412,23403537.3468,23403119.6511
000001.SZ,20250821,12.15,0.6274,1.4919,0.96,5.2975,5.3989,0.5494,1.6073,1.6647,7.9424,5.0041,1940591.8198,1940557.185,816045.2412,23578190.6106,23577769.7978
000001.SZ,20250820,12.07,0.5404,1.2851,0.81,5.2626,5.3634,0.5458,1.5967,1.6538,7.995,5.0373,1940591.8198,1940557.185,816045.2412,23422943.265,23422525.223
000001.SZ,20250819,12.06,0.4601,1.0941,0.72,5.2583,5.3589,0.5454,1.5954,1.6524,8.0017,5.0415,1940591.8198,1940557.185,816045.2412,23403537.3468,23403119.6511
000001.SZ,20250818,12.08,0.6385,1.5184,1.05,5.267,5.3678,0.5463,1.598,1.6551,7.9884,5.0331,1940591.8198,1940557.185,816045.2412,23442349.1832,23441930.7948
000001.SZ,20250815,12.08,1.0041,2.3877,2.03,5.267,5.3678,0.5463,1.598,1.6551,7.9884,5.0331,1940591.8198,1940557.185,816045.2412,23442349.1832,23441930.7948
000001.SZ,20250814,12.2,0.6395,1.5208,1.45,5.3193,5.4211,0.5517,1.6139,1.6716,7.9098,4.9836,1940591.8198,1940557.185,816045.2412,23675220.2016,23674797.657
000001.SZ,20250813,12.26,0.5771,1.3722,1.45,5.3455,5.4478,0.5544,1.6218,1.6798,7.8711,4.9592,1940591.8198,1940557.185,816045.2412,23791655.7107,23791231.0881
000001.SZ,20250812,12.33,0.3504,0.8334,0.79,5.376,5.4789,0.5576,1.6311,1.6894,7.8264,4.9311,1940591.8198,1940557.185,816045.2412,23927497.1381,23927070.0911
000001.SZ,20250811,12.3,0.4815,1.145,1.06,5.3629,5.4656,0.5562,1.6271,1.6853,7.8455,4.9431,1940591.8198,1940557.185,816045.2412,23869279.3835,23868853.3755
000001.SZ,20250808,12.4,0.4276,1.0169,0.9,5.4065,5.51,0.5607,1.6404,1.699,7.7823,4.9032,1940591.8198,1940557.185,816045.2412,24063338.5655,24062909.094
000001.SZ,20250807,12.47,0.3721,0.8848,0.65,5.437,5.5411,0.5639,1.6496,1.7086,7.7386,4.8757,1940591.8198,1940557.185,816045.2412,24199179.9929,24198748.097
000001.SZ,20250806,12.46,0.3558,0.8461,0.52,5.4327,5.5367,0.5635,1.6483,1.7072,7.7448,4.8796,1940591.8198,1940557.185,816045.2412,24179774.0747,24179342.5251
000001.SZ,20250805,12.47,0.5834,1.3873,0.88,5.437,5.5411,0.5639,1.6496,1.7086,7.7386,4.8757,1940591.8198,1940557.185,816045.2412,24199179.9929,24198748.097
000001.SZ,20250804,12.3,0.5322,1.2655,0.77,5.3629,5.4656,0.5562,1.6271,1.6853,7.8455,4.9431,1940591.8198,1940557.185,816045.2412,23869279.3835,23868853.3755
000001.SZ,20250801,12.28,0.5216,1.2404,0.75,5.3542,5.4567,0.5553,1.6245,1.6825,7.8583,4.9512,1940591.8198,1940557.185,816045.2412,23830467.5471,23830042.2318
000001.SZ,20250731,12.23,0.8709,2.0711,1.2,5.3324,5.4345,0.5531,1.6179,1.6757,7.8904,4.9714,1940591.8198,1940557.185,816045.2412,23733437.9562,23733014.3726
000001.SZ,20250730,12.49,0.8839,2.1018,1.28,5.4458,5.55,0.5648,1.6523,1.7113,7.7262,4.8679,1940591.8198,1940557.185,816045.2412,24237991.8293,24237559.2407
000001.SZ,20250729,12.34,0.5219,1.2411,0.67,5.3804,5.4834,0.558,1.6324,1.6908,7.8201,4.9271,1940591.8198,1940557.185,816045.2412,23946903.0563,23946475.6629
000001.SZ,20250728,12.46,0.6381,1.5174,0.83,5.4327,5.5367,0.5635,1.6483,1.7072,7.7448,4.8796,1940591.8198,1940557.185,816045.2412,24179774.0747,24179342.5251
000001.SZ,20250725,12.35,0.5711,1.3581,0.73,5.3847,5.4878,0.5585,1.6338,1.6921,7.8138,4.9231,1940591.8198,1940557.185,816045.2412,23966308.9745,23965881.2348
000001.SZ,20250724,12.35,1.0097,2.401,1.49,5.3847,5.4878,0.5585,1.6338,1.6921,7.8138,4.9231,1940591.8198,1940557.185,816045.2412,23966308.9745,23965881.2348
000001.SZ,20250723,12.53,0.7063,1.6795,0.96,5.4632,5.5678,0.5666,1.6576,1.7168,7.7015,4.8524,1940591.8198,1940557.185,816045.2412,24315615.5021,24315181.5281
000001.SZ,20250722,12.49,0.9973,2.3715,1.38,5.4458,5.55,0.5648,1.6523,1.7113,7.7262,4.8679,1940591.8198,1940557.185,816045.2412,24237991.8293,24237559.2407
000001.SZ,20250721,12.61,0.556,1.3223,0.69,5.4981,5.6033,0.5702,1.6681,1.7278,7.6527,4.8216,1940591.8198,1940557.185,816045.2412,24470862.8477,24470426.1029
000001.SZ,20250718,12.7,0.6396,1.521,0.69,5.5373,5.6433,0.5743,1.6801,1.7401,7.5984,4.7874,1940591.8198,1940557.185,816045.2412,24645516.1115,24645076.2495
000001.SZ,20250717,12.59,0.4868,1.1576,0.45,5.4894,5.5944,0.5693,1.6655,1.725,7.6648,4.8293,1940591.8198,1940557.185,816045.2412,24432051.0113,24431614.9592
000001.SZ,20250716,12.64,0.9935,2.3624,0.98,5.5112,5.6167,0.5716,1.6721,1.7319,7.6345,4.8102,1940591.8198,1940557.185,816045.2412,24529080.6023,24528642.8184
000001.SZ,20250715,12.73,0.933,2.2187,1.0,5.5504,5.6567,0.5757,1.684,1.7442,7.5805,4.7761,1940591.8198,1940557.185,816045.2412,24703733.8661,24703292.9651
000001.SZ,20250714,12.98,0.9651,2.2951,1.07,5.6594,5.7677,0.587,1.7171,1.7784,7.4345,4.6842,1940591.8198,1940557.185,816045.2412,25188881.821,25188432.2613
000001.SZ,20250711,12.91,1.2593,2.9946,1.52,5.6289,5.7366,0.5838,1.7078,1.7689,7.4748,4.7096,1940591.8198,1940557.185,816045.2412,25053040.3936,25052593.2584
000001.SZ,20250710,13.18,1.2787,3.0408,1.95,5.7466,5.8566,0.596,1.7435,1.8059,7.3217,4.6131,1940591.8198,1940557.185,816045.2412,25577000.185,25576543.6983
000001.SZ,20250709,12.84,0.6215,1.4778,0.95,5.5984,5.7055,0.5806,1.6986,1.7593,7.5156,4.7352,1940591.8198,1940557.185,816045.2412,24917198.9662,24916754.2554
000001.SZ,20250708,12.69,0.5622,1.3369,0.82,5.533,5.6389,0.5739,1.6787,1.7387,7.6044,4.7912,1940591.8198,1940557.185,816045.2412,24626110.1933,24625670.6777
000001.SZ,20250707,12.78,0.7706,1.8325,1.13,5.5722,5.6789,0.5779,1.6906,1.751,7.5509,4.7575,1940591.8198,1940557.185,816045.2412,24800763.457,24800320.8243
000001.SZ,20250704,12.6,0.9149,2.1755,1.23,5.4937,5.5989,0.5698,1.6668,1.7264,7.6587,4.8254,1940591.8198,1940557.185,816045.2412,24451456.9295,24451020.531
000001.SZ,20250703,12.35,0.4092,0.9731,0.46,5.3847,5.4878,0.5585,1.6338,1.6921,7.8138,4.9231,1940591.8198,1940557.185,816045.2412,23966308.9745,23965881.2348
000001.SZ,20250702,12.32,0.6186,1.471,0.66,5.3716,5.4745,0.5571,1.6298,1.688,7.8328,4.9351,1940591.8198,1940557.185,816045.2412,23908091.2199,23907664.5192
000001.SZ,20250701,12.3,0.6979,1.6596,0.75,5.3629,5.4656,0.5562,1.6271,1.6853,7.8455,4.9431,1940591.8198,1940557.185,816045.2412,23869279.3835,23868853.3755
000001.SZ,20250630,12.07,0.7755,1.844,0.84,5.2626,5.3634,0.5458,1.5967,1.6538,7.995,5.0373,1940591.8198,1940557.185,816045.2412,23422943.265,23422525.223
000001.SZ,20250627,12.2,1.2252,2.9136,1.51,5.3193,5.4211,0.5517,1.6139,1.6716,7.9098,4.9836,1940591.8198,1940557.185,816045.2412,23675220.2016,23674797.657
000001.SZ,20250626,12.41,1.1206,2.6648,1.67,5.4109,5.5145,0.5612,1.6417,1.7004,7.776,4.8993,1940591.8198,1940557.185,816045.2412,24082744.4837,24082314.6659
000001.SZ,20250625,12.06,0.8632,2.0527,1.52,5.2583,5.3589,0.5454,1.5954,1.6524,8.0017,5.0415,1940591.8198,1940557.185,816045.2412,23403537.3468,23403119.6511
000001.SZ,20250624,11.93,0.6743,1.6035,1.28,5.2016,5.3012,0.5395,1.5782,1.6346,8.0889,5.0964,1940591.8198,1940557.185,816045.2412,23151260.4102,23150847.2171
000001.SZ,20250623,11.93,0.7159,1.7023,1.42,5.2016,5.3012,0.5395,1.5782,1.6346,8.0889,5.0964,1940591.8198,1940557.185,816045.2412,23151260.4102,23150847.2171
000001.SZ,20250620,11.84,0.6747,1.6043,1.4,5.1624,5.2612,0.5354,1.5663,1.6223,8.1503,5.1352,1940591.8198,1940557.185,816045.2412,22976607.1464,22976197.0704
000001.SZ,20250619,11.7,0.4289,1.0199,0.81,5.1013,5.199,0.5291,1.5478,1.6031,8.2479,5.1966,1940591.8198,1940557.185,816045.2412,22704924.2917,22704519.0645
000001.SZ,20250618,11.77,0.3522,0.8376,0.62,5.1318,5.2301,0.5323,1.557,1.6127,8.1988,5.1657,1940591.8198,1940557.185,816045.2412,22840765.719,22840358.0675
000001.SZ,20250617,11.76,0.4586,1.0907,0.73,5.1275,5.2256,0.5318,1.5557,1.6113,8.2058,5.1701,1940591.8198,1940557.185,816045.2412,22821359.8008,22820952.4956
000001.SZ,20250616,11.79,0.6052,1.4392,1.03,5.1406,5.239,0.5332,1.5597,1.6154,8.1849,5.1569,1940591.8198,1940557.185,816045.2412,22879577.5554,22879169.2112
000001.SZ,20250613,11.58,0.5645,1.3424,1.04,5.049,5.1456,0.5237,1.5319,1.5866,8.3333,5.2505,1940591.8198,1940557.185,816045.2412,22472053.2733,22471652.2023
000001.SZ,20250612,11.68,0.6649,1.5811,1.25,5.0926,5.1901,0.5282,1.5451,1.6003,8.262,5.2055,1940591.8198,1940557.185,816045.2412,22666112.4553,22665707.9208
000001.SZ,20250611,11.85,0.5641,1.3414,1.05,5.1667,5.2656,0.5272,1.5676,1.6236,8.1435,8.1435,1940591.8198,1940557.185,816045.2412,22996013.0646,22995602.6423
000001.SZ,20250610,11.81,0.7359,1.7501,1.19,5.1493,5.2478,0.5255,1.5623,1.6181,8.171,8.171,1940591.8198,1940557.185,816045.2412,22918389.3918,22917980.3549
000001.SZ,20250609,11.71,0.3985,0.9476,0.61,5.1057,5.2034,0.521,1.5491,1.6044,8.2408,8.2408,1940591.8198,1940557.185,816045.2412,22724330.2099,22723924.6364
000001.SZ,20250606,11.7,0.3516,0.8362,0.52,5.1013,5.199,0.5206,1.5478,1.6031,8.2479,8.2479,1940591.8198,1940557.185,816045.2412,22704924.2917,22704519.0645
000001.SZ,20250605,11.67,0.6013,1.4298,0.96,5.0882,5.1856,0.5192,1.5438,1.599,8.2691,8.2691,1940591.8198,1940557.185,816045.2412,22646706.5371,22646302.349
000001.SZ,20250604,11.84,0.6019,1.4312,1.02,5.1624,5.2612,0.5268,1.5663,1.6223,8.1503,8.1503,1940591.8198,1940557.185,816045.2412,22976607.1464,22976197.0704
000001.SZ,20250603,11.81,1.1298,2.6867,2.6,5.1493,5.2478,0.5255,1.5623,1.6181,8.171,8.171,1940591.8198,1940557.185,816045.2412,22918389.3918,22917980.3549
000001.SZ,20250530,11.56,0.5827,1.3858,1.4,5.0403,5.1368,0.5143,1.5292,1.5839,8.3478,8.3478,1940591.8198,1940557.185,816045.2412,22433241.4369,22432841.0586
000001.SZ,20250529,11.46,0.474,1.1272,1.11,4.9967,5.0923,0.5099,1.516,1.5702,8.4206,8.4206,1940591.8198,1940557.185,816045.2412,22239182.2549,22238785.3401
000001.SZ,20250528,11.53,0.3392,0.8065,0.69,5.0272,5.1234,0.513,1.5253,1.5798,8.3695,8.3695,1940591.8198,1940557.185,816045.2412,22375023.6823,22374624.3431
000001.SZ,20250527,11.49,0.4132,0.9827,0.86,5.0098,5.1057,0.5112,1.52,1.5743,8.3986,8.3986,1940591.8198,1940557.185,816045.2412,22297400.0095,22297002.0557
000001.SZ,20250526,11.42,0.3603,0.8568,0.73,4.9792,5.0745,0.5081,1.5107,1.5647,8.4501,8.4501,1940591.8198,1940557.185,816045.2412,22161558.5821,22161163.0527
000001.SZ,20250523,11.46,0.4961,1.1796,1.02,4.9967,5.0923,0.5099,1.516,1.5702,8.4206,8.4206,1940591.8198,1940557.185,816045.2412,22239182.2549,22238785.3401
000001.SZ,20250522,11.55,0.5168,1.2291,1.05,5.0359,5.1323,0.5139,1.5279,1.5825,8.355,8.355,1940591.8198,1940557.185,816045.2412,22413835.5187,22413435.4868
000001.SZ,20250521,11.48,0.6845,1.6277,1.3,5.0054,5.1012,0.5108,1.5187,1.5729,8.4059,8.4059,1940591.8198,1940557.185,816045.2412,22277994.0913,22277596.4838
000001.SZ,20250520,11.39,0.3317,0.7887,0.56,4.9662,5.0612,0.5068,1.5068,1.5606,8.4723,8.4723,1940591.8198,1940557.185,816045.2412,22103340.8275,22102946.3372
000001.SZ,20250519,11.37,0.4284,1.0188,0.72,4.9574,5.0523,0.5059,1.5041,1.5579,8.4872,8.4872,1940591.8198,1940557.185,816045.2412,22064528.9911,22064135.1935
000001.SZ,20250516,11.38,0.4714,1.1209,0.78,4.9618,5.0568,0.5063,1.5054,1.5592,8.4798,8.4798,1940591.8198,1940557.185,816045.2412,22083934.9093,22083540.7653
000001.SZ,20250515,11.39,0.5336,1.2689,0.88,4.9662,5.0612,0.5068,1.5068,1.5606,8.4723,8.4723,1940591.8198,1940557.185,816045.2412,22103340.8275,22102946.3372
000001.SZ,20250514,11.43,0.8675,2.063,1.58,4.9836,5.079,0.5086,1.512,1.5661,8.4427,8.4427,1940591.8198,1940557.185,816045.2412,22180964.5003,22180568.6246
000001.SZ,20250513,11.29,0.6498,1.5453,1.28,4.9225,5.0168,0.5023,1.4935,1.5469,8.5474,8.5474,1940591.8198,1940557.185,816045.2412,21909281.6455,21908890.6187
000001.SZ,20250512,11.16,0.4615,1.0975,0.91,4.8659,4.959,0.4965,1.4763,1.5291,8.647,8.647,1940591.8198,1940557.185,816045.2412,21657004.709,21656618.1846
000001.SZ,20250509,11.15,0.5153,1.2253,1.1,4.8615,4.9546,0.4961,1.475,1.5277,8.6547,8.6547,1940591.8198,1940557.185,816045.2412,21637598.7908,21637212.6128
000001.SZ,20250508,11.08,0.5445,1.2948,1.28,4.831,4.9235,0.493,1.4657,1.5181,8.7094,8.7094,1940591.8198,1940557.185,816045.2412,21501757.3634,21501373.6098
000001.SZ,20250507,11.03,0.5804,1.3802,1.54,4.8092,4.9012,0.4908,1.4591,1.5113,8.7489,8.7489,1940591.8198,1940557.185,816045.2412,21404727.7724,21404345.7506
000001.SZ,20250506,10.96,0.4404,1.0473,1.23,4.7787,4.8701,0.4876,1.4499,1.5017,8.8047,8.8047,1940591.8198,1940557.185,816045.2412,21268886.345,21268506.7476
000001.SZ,20250430,10.91,0.4482,1.0659,1.36,4.7569,4.8479,0.4854,1.4433,1.4948,8.8451,8.8451,1940591.8198,1940557.185,816045.2412,21171856.754,21171478.8884
000001.SZ,20250429,10.98,0.3345,0.7954,0.96,4.7874,4.879,0.4885,1.4525,1.5044,8.7887,8.7887,1940591.8198,1940557.185,816045.2412,21307698.1814,21307317.8913
000001.SZ,20250428,11.0,0.3308,0.7867,0.83,4.7961,4.8879,0.4894,1.4552,1.5072,8.7727,8.7727,1940591.8198,1940557.185,816045.2412,21346510.0178,21346129.035
000001.SZ,20250425,11.01,0.3285,0.7813,0.81,4.8005,4.8924,0.4899,1.4565,1.5085,8.7648,8.7648,1940591.8198,1940557.185,816045.2412,21365915.936,21365534.6069
000001.SZ,20250424,11.03,0.3552,0.8446,0.84,4.8092,4.9012,0.4908,1.4591,1.5113,8.7489,8.7489,1940591.8198,1940557.185,816045.2412,21404727.7724,21404345.7506
000001.SZ,20250423,11.01,0.3022,0.7186,0.68,4.8005,4.8924,0.4899,1.4565,1.5085,8.7648,8.7648,1940591.8198,1940557.185,816045.2412,21365915.936,21365534.6069
000001.SZ,20250422,11.04,0.4283,1.0185,0.98,4.8135,4.9057,0.4912,1.4605,1.5126,8.7409,8.7409,1940591.8198,1940557.185,816045.2412,21424133.6906,21423751.3224
000001.SZ,20250421,11.02,0.5742,1.3653,1.43,4.8048,4.8968,0.4903,1.4578,1.5099,8.7568,8.7568,1940591.8198,1940557.185,816045.2412,21385321.8542,21384940.1787
000001.SZ,20250418,11.18,0.3747,0.8454,0.97,4.8746,4.8746,0.5106,1.479,1.479,8.6315,8.6315,1940591.8198,1940557.185,860093.1126,21695816.5454,21695429.3283
000001.SZ,20250417,11.06,0.4246,0.9579,1.08,4.8223,4.8223,0.5051,1.4631,1.4631,8.7251,8.7251,1940591.8198,1940557.185,860093.1126,21462945.527,21462562.4661
000001.SZ,20250416,11.0,0.4343,0.9799,1.05,4.7961,4.7961,0.5024,1.4552,1.4552,8.7727,8.7727,1940591.8198,1940557.185,860093.1126,21346510.0178,21346129.035
000001.SZ,20250415,10.95,0.3724,0.8403,0.76,4.7743,4.7743,0.5001,1.4485,1.4485,8.8128,8.8128,1940591.8198,1940557.185,860093.1126,21249480.4268,21249101.1758
000001.SZ,20250414,10.93,0.405,0.9138,0.6,4.7656,4.7656,0.4992,1.4459,1.4459,8.8289,8.8289,1940591.8198,1940557.185,860093.1126,21210668.5904,21210290.0321
000001.SZ,20250411,10.89,0.3009,0.6789,0.44,4.7481,4.7481,0.4974,1.4406,1.4406,8.8613,8.8613,1940591.8198,1940557.185,860093.1126,21133044.9176,21132667.7447
000001.SZ,20250410,10.9,0.4465,1.0075,0.65,4.7525,4.7525,0.4978,1.4419,1.4419,8.8532,8.8532,1940591.8198,1940557.185,860093.1126,21152450.8358,21152073.3165
000001.SZ,20250409,10.8,0.5485,1.2375,0.85,4.7089,4.7089,0.4933,1.4287,1.4287,8.9352,8.9352,1940591.8198,1940557.185,860093.1126,20958391.6538,20958017.598
000001.SZ,20250408,10.82,0.7544,1.7021,1.24,4.7176,4.7176,0.4942,1.4314,1.4314,8.9187,8.9187,1940591.8198,1940557.185,860093.1126,20997203.4902,20996828.7417
000001.SZ,20250407,10.7,1.3118,2.9596,3.17,4.6653,4.6653,0.4887,1.4155,1.4155,9.0187,9.0187,1940591.8198,1940557.185,860093.1126,20764332.4719,20763961.8795
000001.SZ,20250403,11.34,0.3318,0.7487,0.82,4.9443,4.9443,0.5179,1.5001,1.5001,8.5097,8.5097,1940591.8198,1940557.185,860093.1126,22006311.2365,22005918.4779
000001.SZ,20250402,11.37,0.4806,1.0843,1.25,4.9574,4.9574,0.5193,1.5041,1.5041,8.4872,8.4872,1940591.8198,1940557.185,860093.1126,22064528.9911,22064135.1935
000001.SZ,20250401,11.27,0.3512,0.7923,0.9,4.9138,4.9138,0.5147,1.4909,1.4909,8.5626,8.5626,1940591.8198,1940557.185,860093.1126,21870469.8091,21870079.475
000001.SZ,20250331,11.26,0.5752,1.2977,1.45,4.9095,4.9095,0.5143,1.4896,1.4896,8.5702,8.5702,1940591.8198,1940557.185,860093.1126,21851063.8909,21850673.9031
000001.SZ,20250328,11.35,0.3324,0.7499,0.71,4.9487,4.9487,0.5184,1.5015,1.5015,8.5022,8.5022,1940591.8198,1940557.185,860093.1126,22025717.1547,22025324.0498
000001.SZ,20250327,11.39,0.2851,0.6434,0.54,4.9662,4.9662,0.5202,1.5068,1.5068,8.4723,8.4723,1940591.8198,1940557.185,860093.1126,22103340.8275,22102946.3372
000001.SZ,20250326,11.38,0.3818,0.8614,0.65,4.9618,4.9618,0.5198,1.5054,1.5054,8.4798,8.4798,1940591.8198,1940557.185,860093.1126,22083934.9093,22083540.7653
000001.SZ,20250325,11.43,0.3791,0.8553,0.56,4.9836,4.9836,0.522,1.512,1.512,8.4427,8.4427,1940591.8198,1940557.185,860093.1126,22180964.5003,22180568.6246
000001.SZ,20250324,11.38,0.6001,1.354,0.58,4.9618,4.9618,0.5198,1.5054,1.5054,8.4798,8.4798,1940591.8198,1940557.185,860093.1126,22083934.9093,22083540.7653
000001.SZ,20250321,11.42,0.7093,1.6003,0.66,4.9792,4.9792,0.5216,1.5107,1.5107,8.4501,8.4501,1940591.8198,1940557.185,860093.1126,22161558.5821,22161163.0527
000001.SZ,20250320,11.49,0.5674,1.2803,0.52,5.0098,5.0098,0.5248,1.52,1.52,8.3986,8.3986,1940591.8198,1940557.185,860093.1126,22297400.0095,22297002.0557
000001.SZ,20250319,11.52,0.7021,1.5841,0.61,5.0228,5.0228,0.5261,1.524,1.524,8.3767,8.3767,1940591.8198,1940557.185,860093.1126,22355617.7641,22355218.7712
000001.SZ,20250318,11.49,0.8272,1.8664,0.79,5.0098,5.0098,0.5248,1.52,1.52,8.3986,8.3986,1940591.8198,1940557.185,860093.1126,22297400.0095,22297002.0557
000001.SZ,20250317,11.5,2.3723,5.3525,3.72,5.0141,5.0141,0.5252,1.5213,1.5213,8.3913,8.3913,1940591.8198,1940557.185,860093.1126,22316805.9277,22316407.6275
000001.SZ,20250314,11.97,0.8876,2.0026,1.63,5.0003,4.9902,0.5587,1.4104,1.5627,8.0618,8.0618,1940591.8198,1940561.7528,860097.6804,23228884.083,23228524.181
000001.SZ,20250313,11.84,0.6763,1.5258,1.35,4.946,4.936,0.5527,1.3951,1.5457,8.1503,8.1503,1940591.8198,1940561.7528,860097.6804,22976607.1464,22976251.1532
000001.SZ,20250312,11.85,0.9674,2.1827,2.31,4.9502,4.9402,0.5531,1.3962,1.547,8.1435,8.1435,1940591.8198,1940561.7528,860097.6804,22996013.0646,22995656.7707
000001.SZ,20250311,11.61,0.3138,0.708,0.74,4.8499,4.8401,0.5419,1.368,1.5157,8.3118,8.3118,1940591.8198,1940561.7528,860097.6804,22530271.0279,22529921.95
000001.SZ,20250310,11.59,0.3421,0.7718,0.77,4.8416,4.8318,0.541,1.3656,1.5131,8.3261,8.3261,1940591.8198,1940561.7528,860097.6804,22491459.1915,22491110.715
000001.SZ,20250307,11.67,0.4306,0.9714,0.95,4.875,4.8651,0.5447,1.375,1.5235,8.2691,8.2691,1940591.8198,1940561.7528,860097.6804,22646706.5371,22646355.6552
000001.SZ,20250306,11.63,0.4521,1.0201,0.97,4.8583,4.8485,0.5429,1.3703,1.5183,8.2975,8.2975,1940591.8198,1940561.7528,860097.6804,22569082.8643,22568733.1851
000001.SZ,20250305,11.66,0.5569,1.2564,1.26,4.8708,4.861,0.5443,1.3739,1.5222,8.2762,8.2762,1940591.8198,1940561.7528,860097.6804,22627300.6189,22626950.0376
000001.SZ,20250304,11.51,0.3521,0.7943,0.76,4.8081,4.7984,0.5372,1.3562,1.5026,8.384,8.384,1940591.8198,1940561.7528,860097.6804,22336211.8459,22335865.7747
000001.SZ,20250303,11.51,0.4279,0.9655,0.9,4.8081,4.7984,0.5372,1.3562,1.5026,8.384,8.384,1940591.8198,1940561.7528,860097.6804,22336211.8459,22335865.7747
000001.SZ,20250228,11.53,0.4891,1.1035,1.02,4.8165,4.8068,0.5382,1.3585,1.5052,8.3695,8.3695,1940591.8198,1940561.7528,860097.6804,22375023.6823,22374677.0098
000001.SZ,20250227,11.62,0.5036,1.1363,1.09,4.8541,4.8443,0.5424,1.3691,1.517,8.3046,8.3046,1940591.8198,1940561.7528,860097.6804,22549676.9461,22549327.5675
000001.SZ,20250226,11.52,0.4337,0.9785,0.88,4.8123,4.8026,0.5377,1.3574,1.5039,8.3767,8.3767,1940591.8198,1940561.7528,860097.6804,22355617.7641,22355271.3923
000001.SZ,20250225,11.47,0.4726,1.0663,0.78,4.7914,4.7818,0.5354,1.3515,1.4974,8.4133,8.4133,1940591.8198,1940561.7528,860097.6804,22258588.1731,22258243.3046
000001.SZ,20250224,11.59,0.4895,1.1045,0.68,4.8416,4.8318,0.541,1.3656,1.5131,8.3261,8.3261,1940591.8198,1940561.7528,860097.6804,22491459.1915,22491110.715
000001.SZ,20250221,11.64,0.5019,1.1324,0.7,4.8624,4.8526,0.5433,1.3715,1.5196,8.2904,8.2904,1940591.8198,1940561.7528,860097.6804,22588488.7825,22588138.8026
000001.SZ,20250220,11.66,0.4042,0.912,0.52,4.8708,4.861,0.5443,1.3739,1.5222,8.2762,8.2762,1940591.8198,1940561.7528,860097.6804,22627300.6189,22626950.0376
000001.SZ,20250219,11.71,0.6069,1.3693,0.8,4.8917,4.8818,0.5466,1.3797,1.5287,8.2408,8.2408,1940591.8198,1940561.7528,860097.6804,22724330.2099,22723978.1253
000001.SZ,20250218,11.81,1.0289,2.3214,1.6,4.9335,4.9235,0.5513,1.3915,1.5418,8.171,8.171,1940591.8198,1940561.7528,860097.6804,22918389.3918,22918034.3006
000001.SZ,20250217,11.78,1.0626,2.5268,1.99,4.9209,4.911,0.5499,1.388,1.5379,8.1919,8.1919,1940591.8198,1940561.7528,816049.809,22860171.6372,22859817.448
000001.SZ,20250214,11.55,0.5014,1.1924,0.86,4.8248,4.8151,0.5391,1.3609,1.5079,8.355,8.355,1940591.8198,1940561.7528,816049.809,22413835.5187,22413488.2448
000001.SZ,20250213,11.5,0.7001,1.6649,1.3,4.804,4.7943,0.5368,1.355,1.5013,8.3913,8.3913,1940591.8198,1940561.7528,816049.809,22316805.9277,22316460.1572
000001.SZ,20250212,11.42,0.5095,1.2117,0.97,4.7705,4.7609,0.533,1.3456,1.4909,8.4501,8.4501,1940591.8198,1940561.7528,816049.809,22161558.5821,22161215.217
000001.SZ,20250211,11.42,0.4352,1.0349,0.78,4.7705,4.7609,0.533,1.3456,1.4909,8.4501,8.4501,1940591.8198,1940561.7528,816049.809,22161558.5821,22161215.217
000001.SZ,20250210,11.43,0.529,1.258,0.97,4.7747,4.7651,0.5335,1.3468,1.4922,8.4427,8.4427,1940591.8198,1940561.7528,816049.809,22180964.5003,22180620.8345
000001.SZ,20250207,11.38,0.7253,1.7248,1.3,4.7538,4.7442,0.5312,1.3409,1.4857,8.4798,8.4798,1940591.8198,1940561.7528,816049.809,22083934.9093,22083592.7469
000001.SZ,20250206,11.36,0.4924,1.171,0.82,4.7455,4.7359,0.5302,1.3385,1.4831,8.4947,8.4947,1940591.8198,1940561.7528,816049.809,22045123.0729,22044781.5118
000001.SZ,20250205,11.37,0.4346,1.0336,0.72,4.7497,4.7401,0.5307,1.3397,1.4844,8.4872,8.4872,1940591.8198,1940561.7528,816049.809,22064528.9911,22064187.1293
000001.SZ,20250127,11.47,0.5936,1.4116,1.04,4.7914,4.7818,0.5354,1.3515,1.4974,8.4133,8.4133,1940591.8198,1940561.7528,816049.809,22258588.1731,22258243.3046
000001.SZ,20250124,11.34,0.4869,1.1579,0.89,4.7371,4.7276,0.5293,1.3362,1.4804,8.5097,8.5097,1940591.8198,1940561.7528,816049.809,22006311.2365,22005970.2768
000001.SZ,20250123,11.32,0.7807,1.8564,1.63,4.7288,4.7192,0.5284,1.3338,1.4778,8.5247,8.5247,1940591.8198,1940561.7528,816049.809,21967499.4001,21967159.0417
000001.SZ,20250122,11.09,0.6942,1.6508,1.56,4.6327,4.6233,0.5176,1.3067,1.4478,8.7015,8.7015,1940591.8198,1940561.7528,816049.809,21521163.2816,21520829.8386
000001.SZ,20250121,11.33,0.4648,1.1054,1.06,4.7329,4.7234,0.5288,1.335,1.4791,8.5172,8.5172,1940591.8198,1940561.7528,816049.809,21986905.3183,21986564.6592
000001.SZ,20250120,11.42,0.4288,1.0196,0.96,4.7705,4.7609,0.533,1.3456,1.4909,8.4501,8.4501,1940591.8198,1940561.7528,816049.809,22161558.5821,22161215.217
000001.SZ,20250117,11.45,0.3554,0.8452,0.77,4.7831,4.7734,0.5344,1.3491,1.4948,8.4279,8.4279,1940591.8198,1940561.7528,816049.809,22219776.3367,22219432.0696
000001.SZ,20250116,11.57,0.4499,1.0697,1.01,4.8332,4.8234,0.5401,1.3633,1.5105,8.3405,8.3405,1940591.8198,1940561.7528,816049.809,22452647.3551,22452299.4799
000001.SZ,20250115,11.48,0.5316,1.2642,1.18,4.7956,4.7859,0.5358,1.3526,1.4987,8.4059,8.4059,1940591.8198,1940561.7528,816049.809,22277994.0913,22277648.9221
000001.SZ,20250114,11.38,0.4249,1.0105,0.96,4.7538,4.7442,0.5312,1.3409,1.4857,8.4798,8.4798,1940591.8198,1940561.7528,816049.809,22083934.9093,22083592.7469
000001.SZ,20250113,11.2,0.4818,1.1457,1.05,4.6786,4.6692,0.5228,1.3197,1.4622,8.6161,8.6161,1940591.8198,1940561.7528,816049.809,21734628.3818,21734291.6314
000001.SZ,20250110,11.3,0.4113,0.978,0.83,4.7204,4.7109,0.5274,1.3314,1.4752,8.5398,8.5398,1940591.8198,1940561.7528,816049.809,21928687.5637,21928347.8066
000001.SZ,20250109,11.4,0.3873,0.9209,0.64,4.7622,4.7526,0.5321,1.3432,1.4883,8.4649,8.4649,1940591.8198,1940561.7528,816049.809,22122746.7457,22122403.9819
000001.SZ,20250108,11.5,0.5475,1.3019,0.85,4.804,4.7943,0.5368,1.355,1.5013,8.3913,8.3913,1940591.8198,1940561.7528,816049.809,22316805.9277,22316460.1572
000001.SZ,20250107,11.51,0.3854,0.9164,0.54,4.8081,4.7984,0.5372,1.3562,1.5026,8.384,8.384,1940591.8198,1940561.7528,816049.809,22336211.8459,22335865.7747
000001.SZ,20250106,11.44,0.5594,1.3302,0.77,4.7789,4.7692,0.534,1.3479,1.4935,8.4353,8.4353,1940591.8198,1940561.7528,816049.809,22200370.4185,22200026.452
000001.SZ,20250103,11.38,0.595,1.415,0.83,4.7538,4.7442,0.5312,1.3409,1.4857,8.4798,8.4798,1940591.8198,1940561.7528,816049.809,22083934.9093,22083592.7469
000001.SZ,20250102,11.43,0.9377,2.2298,1.38,4.7747,4.7651,0.5335,1.3468,1.4922,8.4427,8.4427,1940591.8198,1940561.7528,816049.809,22180964.5003,22180620.8345
000001.SZ,20241231,11.7,0.7603,1.8079,1.14,4.8875,4.8776,0.5461,1.3786,1.5274,2.4359,8.2479,1940591.8198,1940561.7528,816049.809,22704924.2917,22704572.5078
000001.SZ,20241230,11.95,0.6966,1.6566,1.0,4.9919,4.9819,0.5578,1.408,1.5601,2.3849,8.0753,1940591.8198,1940561.7528,816049.809,23190072.2466,23189712.946
000001.SZ,20241227,11.83,0.6648,1.5808,1.04,4.9418,4.9318,0.5522,1.3939,1.5444,2.4091,8.1572,1940591.8198,1940561.7528,816049.809,22957201.2282,22956845.5356
000001.SZ,20241226,11.86,0.5154,1.2255,0.85,4.9543,4.9443,0.5536,1.3974,1.5483,2.403,8.1366,1940591.8198,1940561.7528,816049.809,23015418.9828,23015062.3882
000001.SZ,20241225,11.92,0.7602,1.8078,1.36,4.9794,4.9694,0.5564,1.4045,1.5562,2.3909,8.0956,1940591.8198,1940561.7528,816049.809,23131854.492,23131496.0934
000001.SZ,20241224,11.86,0.6961,1.6553,1.38,4.9543,4.9443,0.5536,1.3974,1.5483,2.403,8.1366,1940591.8198,1940561.7528,816049.809,23015418.9828,23015062.3882
000001.SZ,20241223,11.73,0.8551,2.0335,2.06,4.9,4.8901,0.5475,1.3821,1.5314,2.4297,8.2268,1940591.8198,1940561.7528,816049.809,22763142.0463,22762789.3603
000001.SZ,20241220,11.62,0.3683,0.8757,0.77,4.8541,4.8443,0.5424,1.3691,1.517,2.4527,8.3046,1940591.8198,1940561.7528,816049.809,22549676.9461,22549327.5675
000001.SZ,20241219,11.59,0.3594,0.8546,0.7,4.8416,4.8318,0.541,1.3656,1.5131,2.459,8.3261,1940591.8198,1940561.7528,816049.809,22491459.1915,22491110.715
000001.SZ,20241218,11.65,0.5239,1.2457,1.04,4.8666,4.8568,0.5438,1.3727,1.5209,2.4464,8.2833,1940591.8198,1940561.7528,816049.809,22607894.7007,22607544.4201
000001.SZ,20241217,11.53,0.4133,0.9829,0.64,4.8165,4.8068,0.5382,1.3585,1.5052,2.4718,8.3695,1940591.8198,1940561.7528,816049.809,22375023.6823,22374677.0098
000001.SZ,20241216,11.57,0.4152,0.9873,0.63,4.8332,4.8234,0.5401,1.3633,1.5105,2.4633,8.3405,1940591.8198,1940561.7528,816049.809,22452647.3551,22452299.4799
000001.SZ,20241213,11.56,0.6925,1.6467,0.99,4.829,4.8193,0.5396,1.3621,1.5092,2.4654,8.3478,1940591.8198,1940561.7528,816049.809,22433241.4369,22432893.8624
000001.SZ,20241212,11.85,0.5082,1.2085,0.76,4.9502,4.9402,0.5531,1.3962,1.547,2.4051,8.1435,1940591.8198,1940561.7528,816049.809,22996013.0646,22995656.7707
000001.SZ,20241211,11.73,0.4987,1.1858,0.74,4.9,4.8901,0.5475,1.3821,1.5314,2.4297,8.2268,1940591.8198,1940561.7528,816049.809,22763142.0463,22762789.3603
000001.SZ,20241210,11.79,1.1171,2.6565,1.98,4.9251,4.9152,0.5503,1.3892,1.5392,2.4173,8.1849,1940591.8198,1940561.7528,816049.809,22879577.5554,22879223.0655
000001.SZ,20241209,11.67,0.4968,1.1814,0.88,4.875,4.8651,0.5447,1.375,1.5235,2.4422,8.2691,1940591.8198,1940561.7528,816049.809,22646706.5371,22646355.6552
000001.SZ,20241206,11.66,0.8896,2.1154,1.81,4.8708,4.861,0.5443,1.3739,1.5222,2.4443,8.2762,1940591.8198,1940561.7528,816049.809,22627300.6189,22626950.0376
000001.SZ,20241205,11.44,0.3541,0.842,0.71,4.7789,4.7692,0.534,1.3479,1.4935,2.4913,8.4353,1940591.8198,1940561.7528,816049.809,22200370.4185,22200026.452
000001.SZ,20241204,11.46,0.5192,1.2346,1.07,4.7873,4.7776,0.5349,1.3503,1.4961,2.4869,8.4206,1940591.8198,1940561.7528,816049.809,22239182.2549,22238837.6871
000001.SZ,20241203,11.49,0.5579,1.3266,1.21,4.7998,4.7901,0.5363,1.3538,1.5,2.4804,8.3986,1940591.8198,1940561.7528,816049.809,22297400.0095,22297054.5397
000001.SZ,20241202,11.39,0.5027,1.1953,1.05,4.758,4.7484,0.5316,1.342,1.487,2.5022,8.4723,1940591.8198,1940561.7528,816049.809,22103340.8275,22102998.3644
000001.SZ,20241129,11.38,0.53,1.2603,0.98,4.7538,4.7442,0.5312,1.3409,1.4857,2.5044,8.4798,1940591.8198,1940561.7528,816049.809,22083934.9093,22083592.7469
000001.SZ,20241128,11.34,0.3778,0.8984,0.68,4.7371,4.7276,0.5293,1.3362,1.4804,2.5132,8.5097,1940591.8198,1940561.7528,816049.809,22006311.2365,22005970.2768
000001.SZ,20241127,11.39,0.4613,1.097,0.77,4.758,4.7484,0.5316,1.342,1.487,2.5022,8.4723,1940591.8198,1940561.7528,816049.809,22103340.8275,22102998.3644
000001.SZ,20241126,11.27,0.4283,1.0184,0.56,4.7079,4.6984,0.526,1.3279,1.4713,2.5288,8.5626,1940591.8198,1940561.7528,816049.809,21870469.8091,21870130.9541
000001.SZ,20241125,11.18,0.6009,1.4289,0.58,4.6703,4.6609,0.5218,1.3173,1.4596,2.5492,8.6315,1940591.8198,1940561.7528,816049.809,21695816.5454,21695480.3963
000001.SZ,20241122,11.28,0.8375,1.9917,0.85,4.7121,4.7025,0.5265,1.3291,1.4726,2.5266,8.555,1940591.8198,1940561.7528,816049.809,21889875.7273,21889536.5716
000001.SZ,20241121,11.59,0.4552,1.0825,0.45,4.8416,4.8318,0.541,1.3656,1.5131,2.459,8.3261,1940591.8198,1940561.7528,816049.809,22491459.1915,22491110.715
000001.SZ,20241120,11.64,0.663,1.5766,0.66,4.8624,4.8526,0.5433,1.3715,1.5196,2.4485,8.2904,1940591.8198,1940561.7528,816049.809,22588488.7825,22588138.8026
000001.SZ,20241119,11.68,1.2522,2.9778,1.35,4.8792,4.8693,0.5452,1.3762,1.5248,2.4401,8.262,1940591.8198,1940561.7528,816049.809,22666112.4553,22665761.2727
000001.SZ,20241118,11.75,1.9568,4.6533,2.85,4.9084,4.8985,0.5485,1.3845,1.534,2.4255,8.2128,1940591.8198,1940561.7528,816049.809,22801953.8827,22801600.5954
000001.SZ,20241115,11.44,0.6265,1.4898,0.83,4.7789,4.7692,0.534,1.3479,1.4935,2.4913,8.4353,1940591.8198,1940561.7528,816049.809,22200370.4185,22200026.452
000001.SZ,20241114,11.54,0.5977,1.4212,0.69,4.8207,4.8109,0.5386,1.3597,1.5066,2.4697,8.3622,1940591.8198,1940561.7528,816049.809,22394429.6005,22394082.6273
000001.SZ,20241113,11.61,0.5598,1.3311,0.62,4.8499,4.8401,0.5419,1.368,1.5157,2.4548,8.3118,1940591.8198,1940561.7528,816049.809,22530271.0279,22529921.95
000001.SZ,20241112,11.54,0.8851,2.1049,0.98,4.8207,4.8109,0.5386,1.3597,1.5066,2.4697,8.3622,1940591.8198,1940561.7528,816049.809,22394429.6005,22394082.6273
000001.SZ,20241111,11.6,0.7662,1.8221,0.89,4.8457,4.836,0.5415,1.3668,1.5144,2.4569,8.319,1940591.8198,1940561.7528,816049.809,22510865.1097,22510516.3325
000001.SZ,20241108,11.72,0.9766,2.3223,1.17,4.8959,4.886,0.5471,1.3809,1.5301,2.4317,8.2338,1940591.8198,1940561.7528,816049.809,22743736.1281,22743383.7428
000001.SZ,20241107,11.91,1.1558,2.7484,1.58,4.9752,4.9652,0.5559,1.4033,1.5549,2.3929,8.1024,1940591.8198,1940561.7528,816049.809,23112448.5738,23112090.4758
000001.SZ,20241106,11.55,0.7535,1.7919,1.03,4.8248,4.8151,0.5391,1.3609,1.5079,2.4675,8.355,1940591.8198,1940561.7528,816049.809,22413835.5187,22413488.2448
000001.SZ,20241105,11.65,0.8582,2.0408,1.25,4.8666,4.8568,0.5438,1.3727,1.5209,2.4464,8.2833,1940591.8198,1940561.7528,816049.809,22607894.7007,22607544.4201
000001.SZ,20241104,11.46,0.5831,1.3866,0.85,4.7873,4.7776,0.5349,1.3503,1.4961,2.4869,8.4206,1940591.8198,1940561.7528,816049.809,22239182.2549,22238837.6871
000001.SZ,20241101,11.43,0.8193,1.9482,1.28,4.7747,4.7651,0.5335,1.3468,1.4922,2.4934,8.4427,1940591.8198,1940561.7528,816049.809,22180964.5003,22180620.8345
000001.SZ,20241031,11.38,0.6442,1.532,1.07,4.7538,4.7442,0.5312,1.3409,1.4857,2.5044,8.4798,1940591.8198,1940561.7528,816049.809,22083934.9093,22083592.7469
000001.SZ,20241030,11.32,0.7639,1.8166,1.26,4.7288,4.7192,0.5284,1.3338,1.4778,2.5177,8.5247,1940591.8198,1940561.7528,816049.809,21967499.4001,21967159.0417
000001.SZ,20241029,11.54,0.6174,1.4681,0.95,4.8207,4.8109,0.5386,1.3597,1.5066,2.4697,8.3622,1940591.8198,1940561.7528,816049.809,22394429.6005,22394082.6273
000001.SZ,20241028,11.64,0.6027,1.4331,0.74,4.8624,4.8526,0.5433,1.3715,1.5196,2.4485,8.2904,1940591.8198,1940561.7528,816049.809,22588488.7825,22588138.8026
000001.SZ,20241025,11.71,0.5698,1.355,0.59,4.8917,4.8818,0.5466,1.3797,1.5287,2.4338,8.2408,1940591.8198,1940561.7528,816049.809,22724330.2099,22723978.1253
000001.SZ,20241024,11.75,0.4562,1.0849,0.43,4.9084,4.8985,0.5485,1.3845,1.534,2.4255,8.2128,1940591.8198,1940561.7528,816049.809,22801953.8827,22801600.5954
000001.SZ,20241023,11.86,0.7791,1.8527,0.71,4.9543,4.9443,0.5536,1.3974,1.5483,2.403,8.1366,1940591.8198,1940561.7528,816049.809,23015418.9828,23015062.3882
000001.SZ,20241022,11.79,0.8337,1.9825,0.73,4.9251,4.9152,0.5503,1.3892,1.5392,2.4173,8.1849,1940591.8198,1940561.7528,816049.809,22879577.5554,22879223.0655
000001.SZ,20241021,11.81,1.4463,3.4393,1.32,4.9335,4.9235,0.5513,1.3915,1.5418,2.4132,8.171,1940591.8198,1940561.7528,816049.809,22918389.3918,22918034.3006
000001.SZ,20241018,12.04,1.3422,3.1918,1.29,5.0295,4.9768,0.5739,1.4186,1.5249,2.3671,8.015,1940591.8198,1940561.7528,816049.809,23364725.5104,23364363.5037
000001.SZ,20241017,11.95,0.8522,2.0265,0.7,4.9919,4.9396,0.5696,1.408,1.5135,2.3849,8.0753,1940591.8198,1940561.7528,816049.809,23190072.2466,23189712.946
000001.SZ,20241016,12.06,0.9866,2.346,0.67,5.0379,4.9851,0.5748,1.421,1.5274,2.3632,8.0017,1940591.8198,1940561.7528,816049.809,23403537.3468,23403174.7388
000001.SZ,20241015,11.9,1.0682,2.5401,0.57,4.9711,4.919,0.5672,1.4021,1.5072,2.395,8.1092,1940591.8198,1940561.7528,816049.809,23093042.6556,23092684.8583
000001.SZ,20241014,12.02,1.2371,2.9417,0.57,5.0212,4.9686,0.5729,1.4163,1.5224,2.371,8.0283,1940591.8198,1940561.7528,816049.809,23325913.674,23325552.2687
000001.SZ,20241011,11.72,1.0672,2.5377,0.45,4.8959,4.8446,0.5586,1.3809,1.4844,2.4317,8.2338,1940591.8198,1940561.7528,816049.809,22743736.1281,22743383.7428
000001.SZ,20241010,11.98,1.7657,4.1988,0.76,5.0045,4.952,0.571,1.4116,1.5173,2.379,8.0551,1940591.8198,1940561.7528,816049.809,23248290.0012,23247929.7985
000001.SZ,20241009,11.68,2.2001,5.2317,1.05,4.8792,4.828,0.5502,1.3762,1.4793,2.4401,6.1558,1940591.8198,1940561.7528,816049.809,22666112.4553,22665761.2727
000001.SZ,20241008,12.88,3.0347,7.2164,1.82,5.3804,5.3241,0.6068,1.5176,1.6313,2.2127,5.5823,1940591.8198,1940561.7528,816049.809,24994822.639,24994435.3761
000001.SZ,20240930,12.21,2.7983,6.6544,2.34,5.1006,5.0471,0.5752,1.4387,1.5464,2.3342,5.8886,1940591.8198,1940561.7528,816049.809,23694626.1198,23694259.0017
000001.SZ,20240927,11.42,1.9788,4.7056,2.24,4.7705,4.7205,0.538,1.3456,1.4464,2.4956,6.296,1940591.8198,1940561.7528,816049.809,22161558.5821,22161215.217
000001.SZ,20240926,11.15,1.5905,3.7822,2.5,4.6578,4.6089,0.5253,1.3138,1.4122,2.5561,6.4484,1940591.8198,1940561.7528,816049.809,21637598.7908,21637263.5437
000001.SZ,20240925,10.5,1.1134,2.6477,2.42,4.3862,4.3403,0.4947,1.2372,1.3299,2.7143,6.8476,1940591.8198,1940561.7528,816049.809,20376214.1079,20375898.4044
000001.SZ,20240924,10.37,0.8442,2.0075,2.42,4.3319,4.2865,0.4885,1.2219,1.3134,2.7483,6.9335,1940591.8198,1940561.7528,816049.809,20123937.1713,20123625.3765
000001.SZ,20240923,10.04,0.4622,1.0991,1.46,4.1941,4.1501,0.473,1.183,1.2716,2.8386,7.1614,1940591.8198,1940561.7528,816049.809,19483541.8708,19483239.9981
000001.SZ,20240920,9.9,0.4109,0.977,1.18,4.1356,4.0922,0.4664,1.1665,1.2539,2.8788,7.2626,1940591.8198,1940561.7528,816049.809,19211859.016,19211561.3527
000001.SZ,20240919,9.81,0.3526,0.8385,0.99,4.098,4.055,0.4622,1.1559,1.2425,2.9052,7.3293,1940591.8198,1940561.7528,816049.809,19037205.7522,19036910.795
000001.SZ,20240918,9.77,0.2286,0.5436,0.48,4.0813,4.0385,0.4603,1.1512,1.2374,2.9171,7.3593,1940591.8198,1940561.7528,816049.809,18959582.0794,18959288.3249
000001.SZ,20240913,9.7,0.2919,0.6942,0.57,4.052,4.0096,0.457,1.1429,1.2285,2.9381,7.4124,1940591.8198,1940561.7528,816049.809,18823740.6521,18823449.0022
000001.SZ,20240912,9.74,0.2998,0.713,0.58,4.0687,4.0261,0.4589,1.1476,1.2336,2.9261,7.3819,1940591.8198,1940561.7528,816049.809,18901364.3249,18901071.4723
000001.SZ,20240911,9.65,0.5713,1.3587,1.17,4.0312,3.9889,0.4546,1.137,1.2222,2.9534,7.4508,1940591.8198,1940561.7528,816049.809,18726711.0611,18726420.9145
000001.SZ,20240910,9.9,0.3957,0.941,0.79,4.1356,4.0922,0.4664,1.1665,1.2539,2.8788,7.2626,1940591.8198,1940561.7528,816049.809,19211859.016,19211561.3527
000001.SZ,20240909,9.85,0.8447,2.0087,1.95,4.1147,4.0716,0.464,1.1606,1.2475,2.8934,7.2995,1940591.8198,1940561.7528,816049.809,19114829.425,19114533.2651
000001.SZ,20240906,10.08,0.4529,1.077,0.95,4.2108,4.1666,0.4749,1.1877,1.2767,2.8274,7.1329,1940591.8198,1940561.7528,816049.809,19561165.5436,19560862.4682
000001.SZ,20240905,10.07,0.3062,0.7282,0.57,4.2066,4.1625,0.4744,1.1865,1.2754,2.8302,7.14,1940591.8198,1940561.7528,816049.809,19541759.6254,19541456.8507
000001.SZ,20240904,10.02,0.437,1.0391,0.8,4.1857,4.1418,0.472,1.1806,1.2691,2.8443,7.1756,1940591.8198,1940561.7528,816049.809,19444730.0344,19444428.7631
000001.SZ,20240903,10.08,0.4723,1.1232,0.89,4.2108,4.1666,0.4749,1.1877,1.2767,2.8274,7.1329,1940591.8198,1940561.7528,816049.809,19561165.5436,19560862.4682
000001.SZ,20240902,10.11,0.4993,1.1872,0.99,4.2233,4.179,0.4763,1.1912,1.2805,2.819,7.1118,1940591.8198,1940561.7528,816049.809,19619383.2982,19619079.3208
000001.SZ,20240830,10.16,0.6668,1.5858,1.38,4.2442,4.1997,0.4786,1.1971,1.2868,2.8051,7.0768,1940591.8198,1940561.7528,816049.809,19716412.8892,19716107.4084
000001.SZ,20240829,10.13,0.6172,1.4677,1.31,4.2317,4.1873,0.4772,1.1936,1.283,2.8134,7.0977,1940591.8198,1940561.7528,816049.809,19658195.1346,19657890.5559
000001.SZ,20240828,10.33,0.4857,1.155,1.01,4.3152,4.27,0.4866,1.2171,1.3083,2.759,6.9603,1940591.8198,1940561.7528,816049.809,20046313.4985,20046002.9064
000001.SZ,20240827,10.43,0.3726,0.8861,0.65,4.357,4.3113,0.4914,1.2289,1.321,2.7325,6.8936,1940591.8198,1940561.7528,816049.809,20240372.6805,20240059.0817
000001.SZ,20240826,10.49,0.3817,0.9076,0.59,4.382,4.3361,0.4942,1.236,1.3286,2.7169,6.8541,1940591.8198,1940561.7528,816049.809,20356808.1897,20356492.7869
000001.SZ,20240823,10.47,0.5524,1.3135,0.83,4.3737,4.3279,0.4932,1.2336,1.3261,2.7221,6.8672,1940591.8198,1940561.7528,816049.809,20317996.3533,20317681.5518
000001.SZ,20240822,10.38,0.5715,1.359,0.91,4.3361,4.2907,0.489,1.223,1.3147,2.7457,6.9268,1940591.8198,1940561.7528,816049.809,20143343.0895,20143030.9941
000001.SZ,20240821,10.35,0.5333,1.2682,0.94,4.3236,4.2783,0.4876,1.2195,1.3109,2.7536,6.9469,1940591.8198,1940561.7528,816049.809,20085125.3349,20084814.1415
000001.SZ,20240820,10.34,0.8086,1.9229,1.71,4.3194,4.2741,0.4871,1.2183,1.3096,2.7563,6.9536,1940591.8198,1940561.7528,816049.809,20065719.4167,20065408.524
000001.SZ,20240819,10.29,0.7642,1.8173,2.15,4.2985,4.2535,0.4848,1.2124,1.3033,2.7697,6.9874,1940591.8198,1940561.7528,816049.809,19968689.8257,19968380.4363
000001.SZ,20240816,10.13,0.6495,1.5445,2.16,4.2317,4.1873,0.4772,1.1936,1.283,2.8134,7.0977,1940591.8198,1940561.7528,816049.809,19658195.1346,19657890.5559
000001.SZ,20240815,10.03,0.4,0.9512,1.47,4.1899,4.1603,0.4846,1.1818,1.229,2.8415,7.1685,1940591.8198,1940554.695,816042.7512,19464135.9526,19463763.5909
000001.SZ,20240814,9.92,0.2249,0.5348,0.8,4.1439,4.1147,0.4793,1.1688,1.2155,2.873,7.248,1940591.8198,1940554.695,816042.7512,19250670.8524,19250302.5744
000001.SZ,20240813,9.95,0.3206,0.7623,0.92,4.1565,4.1272,0.4807,1.1724,1.2192,2.8643,7.2261,1940591.8198,1940554.695,816042.7512,19308888.607,19308519.2153
000001.SZ,20240812,10.01,0.1819,0.4326,0.47,4.1815,4.152,0.4836,1.1794,1.2266,2.8472,7.1828,1940591.8198,1940554.695,816042.7512,19425324.1162,19424952.497
000001.SZ,20240809,10.04,0.3763,0.8949,1.01,4.1941,4.1645,0.4851,1.183,1.2302,2.8386,7.1614,1940591.8198,1940554.695,816042.7512,19483541.8708,19483169.1378
000001.SZ,20240808,9.94,0.2579,0.6132,0.65,4.1523,4.123,0.4802,1.1712,1.218,2.8672,7.2334,1940591.8198,1940554.695,816042.7512,19289482.6888,19289113.6683
000001.SZ,20240807,9.93,0.2667,0.6343,0.58,4.1481,4.1189,0.4797,1.17,1.2168,2.8701,7.2407,1940591.8198,1940554.695,816042.7512,19270076.7706,19269708.1214
000001.SZ,20240806,9.93,0.6522,1.5508,1.67,4.1481,4.1189,0.4797,1.17,1.2168,2.8701,7.2407,1940591.8198,1940554.695,816042.7512,19270076.7706,19269708.1214
000001.SZ,20240805,10.05,0.3911,0.9301,0.99,4.1982,4.1686,0.4855,1.1842,1.2315,2.8358,7.1542,1940591.8198,1940554.695,816042.7512,19502947.789,19502574.6848
000001.SZ,20240802,10.14,0.3042,0.7233,0.71,4.2358,4.206,0.4899,1.1948,1.2425,2.8107,7.0907,1940591.8198,1940554.695,816042.7512,19677601.0528,19677224.6073
000001.SZ,20240801,10.27,0.3782,0.8993,0.86,4.2901,4.2599,0.4962,1.2101,1.2584,2.7751,7.001,1940591.8198,1940554.695,816042.7512,19929877.9893,19929496.7177
000001.SZ,20240731,10.27,0.5653,1.3442,1.4,4.2901,4.2599,0.4962,1.2101,1.2584,2.7751,7.001,1940591.8198,1940554.695,816042.7512,19929877.9893,19929496.7177
000001.SZ,20240730,10.08,0.316,0.7515,0.71,4.2108,4.1811,0.487,1.1877,1.2351,2.8274,7.1329,1940591.8198,1940554.695,816042.7512,19561165.5436,19560791.3256
000001.SZ,20240729,10.11,0.4027,0.9577,0.86,4.2233,4.1935,0.4884,1.1912,1.2388,2.819,7.1118,1940591.8198,1940554.695,816042.7512,19619383.2982,19619007.9665
000001.SZ,20240726,10.03,0.479,1.1391,1.03,4.1899,4.1603,0.4846,1.1818,1.229,2.8415,7.1685,1940591.8198,1940554.695,816042.7512,19464135.9526,19463763.5909
000001.SZ,20240725,10.09,0.4413,1.0495,0.91,4.215,4.1852,0.4875,1.1889,1.2364,2.8246,7.1259,1940591.8198,1940554.695,816042.7512,19580571.4618,19580196.8726
000001.SZ,20240724,10.13,0.3734,0.8878,0.69,4.2317,4.2018,0.4894,1.1936,1.2413,2.8134,7.0977,1940591.8198,1940554.695,816042.7512,19658195.1346,19657819.0604
000001.SZ,20240723,10.18,0.5257,1.2501,0.99,4.2526,4.2226,0.4918,1.1995,1.2474,2.7996,7.0629,1940591.8198,1940554.695,816042.7512,19755224.7256,19754846.7951
000001.SZ,20240722,10.23,0.5125,1.2187,0.99,4.2734,4.2433,0.4942,1.2054,1.2535,2.7859,7.0283,1940591.8198,1940554.695,816042.7512,19852254.3166,19851874.5299
000001.SZ,20240719,10.37,0.4631,1.1013,0.84,4.3319,4.3014,0.501,1.2219,1.2707,2.7483,6.9335,1940591.8198,1940554.695,816042.7512,20123937.1713,20123552.1872
000001.SZ,20240718,10.41,0.5602,1.3321,1.09,4.3486,4.318,0.5029,1.2266,1.2756,2.7378,6.9068,1940591.8198,1940554.695,816042.7512,20201560.8441,20201174.375
000001.SZ,20240717,10.4,0.6288,1.4952,1.32,4.3445,4.3138,0.5024,1.2254,1.2744,2.7404,6.9135,1940591.8198,1940554.695,816042.7512,20182154.9259,20181768.828
000001.SZ,20240716,10.3,0.4859,1.1556,1.0,4.3027,4.2723,0.4976,1.2136,1.2621,2.767,6.9806,1940591.8198,1940554.695,816042.7512,19988095.7439,19987713.3585
000001.SZ,20240715,10.33,0.448,1.0654,0.92,4.3152,4.2848,0.4991,1.2171,1.2658,2.759,6.9603,1940591.8198,1940554.695,816042.7512,20046313.4985,20045929.9994
000001.SZ,20240712,10.31,0.6257,1.4879,1.17,4.3069,4.2765,0.4981,1.2148,1.2633,2.7643,6.9738,1940591.8198,1940554.695,816042.7512,20007501.6621,20007118.9055
000001.SZ,20240711,10.13,0.3717,0.884,0.69,4.2317,4.2018,0.4894,1.1936,1.2413,2.8134,7.0977,1940591.8198,1940554.695,816042.7512,19658195.1346,19657819.0604
000001.SZ,20240710,10.14,0.4503,1.0709,0.86,4.2358,4.206,0.4899,1.1948,1.2425,2.8107,7.0907,1940591.8198,1940554.695,816042.7512,19677601.0528,19677224.6073
000001.SZ,20240709,10.07,0.5321,1.2652,0.95,4.2066,4.1769,0.4865,1.1865,1.2339,2.8302,7.14,1940591.8198,1940554.695,816042.7512,19541759.6254,19541385.7787
000001.SZ,20240708,9.93,0.4476,1.0645,0.74,4.1481,4.1189,0.4797,1.17,1.2168,2.8701,7.2407,1940591.8198,1940554.695,816042.7512,19270076.7706,19269708.1214
000001.SZ,20240705,9.97,0.8829,2.0996,1.68,4.1648,4.1354,0.4817,1.1747,1.2217,2.8586,7.2116,1940591.8198,1940554.695,816042.7512,19347700.4434,19347330.3092
000001.SZ,20240704,10.26,0.3788,0.9007,0.7,4.286,4.2557,0.4957,1.2089,1.2572,2.7778,7.0078,1940591.8198,1940554.695,816042.7512,19910472.0711,19910091.1707
000001.SZ,20240703,10.31,0.3675,0.8738,0.69,4.3069,4.2765,0.4981,1.2148,1.2633,2.7643,6.9738,1940591.8198,1940554.695,816042.7512,20007501.6621,20007118.9055
000001.SZ,20240702,10.4,0.7134,1.6965,1.51,4.3445,4.3138,0.5024,1.2254,1.2744,2.7404,6.9135,1940591.8198,1940554.695,816042.7512,20182154.9259,20181768.828
000001.SZ,20240701,10.35,0.6921,1.6458,1.6,4.3236,4.2931,0.5,1.2195,1.2682,2.7536,6.9469,1940591.8198,1940554.695,816042.7512,20085125.3349,20084741.0933
000001.SZ,20240628,10.15,0.4731,1.1251,1.12,4.24,4.2101,0.4904,1.1959,1.2437,2.8079,7.0837,1940591.8198,1940554.695,816042.7512,19697006.971,19696630.1543
000001.SZ,20240627,10.13,0.4787,1.1383,1.22,4.2317,4.2018,0.4894,1.1936,1.2413,2.8134,7.0977,1940591.8198,1940554.695,816042.7512,19658195.1346,19657819.0604
000001.SZ,20240626,10.08,0.3239,0.7703,0.79,4.2108,4.1811,0.487,1.1877,1.2351,2.8274,7.1329,1940591.8198,1940554.695,816042.7512,19561165.5436,19560791.3256
000001.SZ,20240625,10.08,0.3968,0.9436,0.99,4.2108,4.1811,0.487,1.1877,1.2351,2.8274,7.1329,1940591.8198,1940554.695,816042.7512,19561165.5436,19560791.3256
000001.SZ,20240624,9.98,0.488,1.1606,1.3,4.169,4.1396,0.4822,1.1759,1.2229,2.8557,7.2044,1940591.8198,1940554.695,816042.7512,19367106.3616,19366735.8561
000001.SZ,20240621,10.0,0.428,1.0178,0.93,4.1774,4.1479,0.4831,1.1783,1.2253,2.85,7.19,1940591.8198,1940554.695,816042.7512,19405918.198,19405546.95
000001.SZ,20240620,10.05,0.3245,0.7716,0.63,4.1982,4.1686,0.4855,1.1842,1.2315,2.8358,7.1542,1940591.8198,1940554.695,816042.7512,19502947.789,19502574.6848
000001.SZ,20240619,10.15,0.4103,0.9757,0.77,4.24,4.2101,0.4904,1.1959,1.2437,2.8079,7.0837,1940591.8198,1940554.695,816042.7512,19697006.971,19696630.1543
000001.SZ,20240618,10.08,0.3611,0.8586,0.6,4.2108,4.1811,0.487,1.1877,1.2351,2.8274,7.1329,1940591.8198,1940554.695,816042.7512,19561165.5436,19560791.3256
000001.SZ,20240617,10.1,0.351,0.8348,0.54,4.2191,4.1894,0.488,1.19,1.2376,2.8218,7.1188,1940591.8198,1940554.695,816042.7512,19599977.38,19599602.4195
000001.SZ,20240614,10.18,0.8441,2.0072,1.43,4.2526,4.2226,0.4918,1.1995,1.2474,2.7996,7.0629,1940591.8198,1940554.695,816042.7512,19755224.7256,19754846.7951
000001.SZ,20240613,10.8,0.6202,1.4748,1.09,4.5115,4.4797,0.5043,1.2725,1.3234,2.6389,2.6389,1940591.8198,1940554.695,816042.7512,20958391.6538,20957990.706
000001.SZ,20240612,10.88,0.4934,1.1733,0.86,4.545,4.5129,0.508,1.282,1.3332,2.6195,2.6195,1940591.8198,1940554.695,816042.7512,21113638.9994,21113235.0816
000001.SZ,20240611,10.87,0.6893,1.6392,1.21,4.5408,4.5088,0.5075,1.2808,1.332,2.6219,2.6219,1940591.8198,1940554.695,816042.7512,21094233.0812,21093829.5347
000001.SZ,20240607,10.99,0.603,1.4339,1.12,4.5909,4.5585,0.5131,1.2949,1.3467,2.5933,2.5933,1940591.8198,1940554.695,816042.7512,21327104.0996,21326696.0981
000001.SZ,20240606,10.9,0.5407,1.2859,0.96,4.5533,4.5212,0.5089,1.2843,1.3356,2.6147,2.6147,1940591.8198,1940554.695,816042.7512,21152450.8358,21152046.1755
000001.SZ,20240605,10.87,0.5251,1.2487,0.86,4.5408,4.5088,0.5075,1.2808,1.332,2.6219,2.6219,1940591.8198,1940554.695,816042.7512,21094233.0812,21093829.5347
000001.SZ,20240604,11.02,0.5055,1.2021,0.8,4.6034,4.571,0.5145,1.2984,1.3503,2.5862,2.5862,1940591.8198,1940554.695,816042.7512,21385321.8542,21384912.7389
000001.SZ,20240603,10.98,0.6837,1.6258,1.06,4.5867,4.5544,0.5127,1.2937,1.3454,2.5956,2.5956,1940591.8198,1940554.695,816042.7512,21307698.1814,21307290.5511
000001.SZ,20240531,11.11,0.426,1.0131,0.61,4.641,4.6083,0.5187,1.3091,1.3614,2.5653,2.5653,1940591.8198,1940554.695,816042.7512,21559975.118,21559562.6615
000001.SZ,20240530,11.12,0.6831,1.6243,0.9,4.6452,4.6125,0.5192,1.3102,1.3626,2.5629,2.5629,1940591.8198,1940554.695,816042.7512,21579381.0362,21578968.2084
000001.SZ,20240529,11.26,0.7445,1.7705,0.9,4.7037,4.6705,0.5257,1.3267,1.3797,2.5311,2.5311,1940591.8198,1940554.695,816042.7512,21851063.8909,21850645.8657
000001.SZ,20240528,11.4,0.6206,1.4758,0.68,4.7622,4.7286,0.5323,1.3432,1.3969,2.5,2.5,1940591.8198,1940554.695,816042.7512,22122746.7457,22122323.523
000001.SZ,20240527,11.51,0.7495,1.7822,0.76,4.8081,4.7742,0.5374,1.3562,1.4104,2.4761,2.4761,1940591.8198,1940554.695,816042.7512,22336211.8459,22335784.5395
000001.SZ,20240524,11.31,0.7206,1.7135,0.64,4.7246,4.6913,0.5281,1.3326,1.3859,2.5199,2.5199,1940591.8198,1940554.695,816042.7512,21948093.4819,21947673.6005
000001.SZ,20240523,11.4,0.949,2.2568,0.75,4.7622,4.7286,0.5323,1.3432,1.3969,2.5,2.5,1940591.8198,1940554.695,816042.7512,22122746.7457,22122323.523
000001.SZ,20240522,11.56,1.0902,2.5924,0.96,4.829,4.795,0.5397,1.3621,1.4165,2.4654,2.4654,1940591.8198,1940554.695,816042.7512,22433241.4369,22432812.2742
000001.SZ,20240521,11.55,1.0461,2.4877,1.01,4.8248,4.7908,0.5393,1.3609,1.4153,2.4675,2.4675,1940591.8198,1940554.695,816042.7512,22413835.5187,22413406.7273
000001.SZ,20240520,11.38,1.1183,2.6594,1.17,4.7538,4.7203,0.5313,1.3409,1.3944,2.5044,2.5044,1940591.8198,1940554.695,816042.7512,22083934.9093,22083512.4291
000001.SZ,20240517,11.42,1.4644,3.4824,1.73,4.7705,4.7369,0.5332,1.3456,1.3993,2.4956,2.4956,1940591.8198,1940554.695,816042.7512,22161558.5821,22161134.6169
000001.SZ,20240516,11.17,1.5853,3.7698,2.49,4.6661,4.6332,0.5215,1.3161,1.3687,2.5515,2.5515,1940591.8198,1940554.695,816042.7512,21676410.6272,21675995.9432
000001.SZ,20240515,10.83,0.4474,1.064,0.66,4.5241,4.4922,0.5057,1.2761,1.327,2.6316,2.6316,1940591.8198,1940554.695,816042.7512,21016609.4084,21016207.3469
000001.SZ,20240514,10.91,0.5544,1.3183,0.82,4.5575,4.5254,0.5094,1.2855,1.3369,2.6123,2.6123,1940591.8198,1940554.695,816042.7512,21171856.754,21171451.7225
000001.SZ,20240513,10.97,0.7227,1.7187,1.01,4.5826,4.5502,0.5122,1.2926,1.3442,2.598,2.598,1940591.8198,1940554.695,816042.7512,21288292.2632,21287885.0042
000001.SZ,20240510,10.94,0.911,2.1664,1.36,4.57,4.5378,0.5108,1.289,1.3405,2.6051,2.6051,1940591.8198,1940554.695,816042.7512,21230074.5086,21229668.3633
000001.SZ,20240509,10.76,0.5511,1.3105,0.7,4.4948,4.4631,0.5024,1.2678,1.3185,2.6487,2.6487,1940591.8198,1940554.695,816042.7512,20880767.981,20880368.5182
000001.SZ,20240508,10.73,0.6296,1.4972,0.77,4.4823,4.4507,0.501,1.2643,1.3148,2.6561,2.6561,1940591.8198,1940554.695,816042.7512,20822550.2265,20822151.8774
000001.SZ,20240507,10.88,0.5602,1.3321,0.68,4.545,4.5129,0.508,1.282,1.3332,2.6195,2.6195,1940591.8198,1940554.695,816042.7512,21113638.9994,21113235.0816
000001.SZ,20240506,10.89,0.9194,2.1863,1.25,4.5491,4.5171,0.5085,1.2831,1.3344,2.6171,2.6171,1940591.8198,1940554.695,816042.7512,21133044.9176,21132640.6286
000001.SZ,20240430,10.79,0.6826,1.6231,0.94,4.5074,4.4756,0.5038,1.2713,1.3221,2.6413,2.6413,1940591.8198,1940554.695,816042.7512,20938985.7356,20938585.1591
000001.SZ,20240429,10.81,1.1178,2.6582,1.57,4.5157,4.4839,0.5047,1.2737,1.3246,2.6364,2.6364,1940591.8198,1940554.695,816042.7512,20977797.572,20977396.253
000001.SZ,20240426,10.6,0.8284,1.97,1.19,4.428,4.3968,0.4949,1.249,1.2989,2.6887,2.6887,1940591.8198,1940554.695,816042.7512,20570273.2899,20569879.767
000001.SZ,20240425,10.61,0.574,1.3649,0.63,4.4322,4.4009,0.4954,1.2501,1.3001,2.6861,2.6861,1940591.8198,1940554.695,816042.7512,20589679.2081,20589285.314
000001.SZ,20240424,10.53,0.4852,1.1538,0.47,4.3988,4.3677,0.4916,1.2407,1.2903,2.7066,2.7066,1940591.8198,1940554.695,816042.7512,20434431.8625,20434040.9384
000001.SZ,20240423,10.54,0.639,1.5196,0.6,4.4029,4.3719,0.4921,1.2419,1.2915,2.704,2.704,1940591.8198,1940554.695,816042.7512,20453837.7807,20453446.4853
000001.SZ,20240422,10.5,1.0357,2.4629,1.03,4.3862,4.3553,0.4902,1.2372,1.2866,2.7143,2.7143,1940591.8198,1940554.695,816042.7512,20376214.1079,20375824.2975
000001.SZ,20240419,10.69,0.7512,1.7863,0.76,4.4656,4.4656,0.5156,1.2596,1.2596,2.666,2.666,1940591.8198,1940554.695,816042.7512,20744926.5537,20744529.6896
000001.SZ,20240418,10.8,1.6314,3.8796,2.12,4.5115,4.5115,0.5209,1.2725,1.2725,2.6389,2.6389,1940591.8198,1940554.695,816042.7512,20958391.6538,20957990.706
000001.SZ,20240417,10.62,1.1505,2.7359,1.72,4.4364,4.4364,0.5122,1.2513,1.2513,2.6836,2.6836,1940591.8198,1940554.695,816042.7512,20609085.1263,20608690.8609
000001.SZ,20240416,10.28,0.7617,1.8112,1.26,4.2943,4.2943,0.4958,1.2113,1.2113,2.7724,2.7724,1940591.8198,1940554.695,816042.7512,19949283.9075,19948902.2646
000001.SZ,20240415,10.29,0.7489,1.7808,1.36,4.2985,4.2985,0.4963,1.2124,1.2124,2.7697,2.7697,1940591.8198,1940554.695,816042.7512,19968689.8257,19968307.8116
000001.SZ,20240412,10.06,0.6727,1.5997,1.3,4.2024,4.2024,0.4852,1.1853,1.1853,2.833,2.833,1940591.8198,1940554.695,816042.7512,19522353.7072,19521980.2317
000001.SZ,20240411,10.25,0.5206,1.2379,0.99,4.2818,4.2818,0.4943,1.2077,1.2077,2.7805,2.7805,1940591.8198,1940554.695,816042.7512,19891066.153,19890685.6238
000001.SZ,20240410,10.28,0.6423,1.5274,1.24,4.2943,4.2943,0.4958,1.2113,1.2113,2.7724,2.7724,1940591.8198,1940554.695,816042.7512,19949283.9075,19948902.2646
000001.SZ,20240409,10.4,0.4417,1.0504,0.85,4.3445,4.3445,0.5016,1.2254,1.2254,2.7404,2.7404,1940591.8198,1940554.695,816042.7512,20182154.9259,20181768.828
000001.SZ,20240408,10.43,0.4671,1.1107,0.83,4.357,4.357,0.503,1.2289,1.2289,2.7325,2.7325,1940591.8198,1940554.695,816042.7512,20240372.6805,20239985.4689
000001.SZ,20240403,10.46,0.506,1.2032,0.86,4.3695,4.3695,0.5045,1.2325,1.2325,2.7247,2.7247,1940591.8198,1940554.695,816042.7512,20298590.4351,20298202.1097
000001.SZ,20240402,10.55,0.5594,1.3301,0.85,4.4071,4.4071,0.5088,1.2431,1.2431,2.7014,2.7014,1940591.8198,1940554.695,816042.7512,20473243.6989,20472852.0323
000001.SZ,20240401,10.64,0.6138,1.4596,0.97,4.4447,4.4447,0.5131,1.2537,1.2537,2.6786,2.6786,1940591.8198,1940554.695,816042.7512,20647896.9627,20647501.9548
000001.SZ,20240329,10.52,0.4497,1.0695,0.69,4.3946,4.3946,0.5074,1.2395,1.2395,2.7091,2.7091,1940591.8198,1940554.695,816042.7512,20415025.9443,20414635.3914
000001.SZ,20240328,10.49,0.671,1.5957,1.11,4.382,4.382,0.5059,1.236,1.236,2.7169,2.7169,1940591.8198,1940554.695,816042.7512,20356808.1897,20356418.7506
000001.SZ,20240327,10.53,0.6566,1.5614,1.17,4.3988,4.3988,0.5078,1.2407,1.2407,2.7066,2.7066,1940591.8198,1940554.695,816042.7512,20434431.8625,20434040.9384
000001.SZ,20240326,10.6,0.8967,2.1323,1.74,4.428,4.428,0.5112,1.249,1.249,2.6887,2.6887,1940591.8198,1940554.695,816042.7512,20570273.2899,20569879.767
000001.SZ,20240325,10.4,0.4912,1.1681,0.83,4.3445,4.3445,0.5016,1.2254,1.2254,2.7404,2.7404,1940591.8198,1940554.695,816042.7512,20182154.9259,20181768.828
000001.SZ,20240322,10.36,0.5298,1.2599,0.61,4.3277,4.3277,0.4996,1.2207,1.2207,2.751,2.751,1940591.8198,1940554.695,816042.7512,20104531.2531,20104146.6402
000001.SZ,20240321,10.47,0.4455,1.0593,0.48,4.3737,4.3737,0.5049,1.2336,1.2336,2.7221,2.7221,1940591.8198,1940554.695,816042.7512,20317996.3533,20317607.6567
000001.SZ,20240320,10.45,0.4497,1.0694,0.44,4.3653,4.3653,0.504,1.2313,1.2313,2.7273,2.7273,1940591.8198,1940554.695,816042.7512,20279184.5169,20278796.5628
000001.SZ,20240319,10.4,0.6664,1.5847,0.63,4.3445,4.3445,0.5016,1.2254,1.2254,2.7404,2.7404,1940591.8198,1940554.695,816042.7512,20182154.9259,20181768.828
000001.SZ,20240318,10.54,0.8613,2.0482,0.85,4.4029,4.4029,0.5083,1.2419,1.2419,2.704,2.704,1940591.8198,1940554.695,816042.7512,20453837.7807,20453446.4853
000001.SZ,20240315,10.6,1.9325,4.5956,2.62,4.428,4.428,0.5112,1.249,1.249,2.6887,2.6887,1940591.8198,1940554.695,816042.7512,20570273.2899,20569879.767
000001.SZ,20240314,10.23,0.7263,1.7271,0.91,4.3616,4.0939,0.5014,1.1035,1.1729,2.7859,2.7859,1940591.8198,1940554.695,816042.7512,19852254.3166,19851874.5299
000001.SZ,20240313,10.33,0.9111,2.1666,1.21,4.4042,4.1339,0.5063,1.1143,1.1843,2.759,2.759,1940591.8198,1940554.695,816042.7512,20046313.4985,20045929.9994
000001.SZ,20240312,10.56,0.8458,2.0112,1.09,4.5023,4.226,0.5176,1.1391,1.2107,2.6989,2.6989,1940591.8198,1940554.695,816042.7512,20492649.6171,20492257.5792
000001.SZ,20240311,10.47,0.6239,1.4836,0.76,4.4639,4.19,0.5132,1.1294,1.2004,2.7221,2.7221,1940591.8198,1940554.695,816042.7512,20317996.3533,20317607.6567
000001.SZ,20240308,10.38,0.574,1.3651,0.64,4.4256,4.154,0.5088,1.1197,1.1901,2.7457,2.7457,1940591.8198,1940554.695,816042.7512,20143343.0895,20142957.7341
000001.SZ,20240307,10.38,1.039,2.4707,1.19,4.4256,4.154,0.5088,1.1197,1.1901,2.7457,2.7457,1940591.8198,1940554.695,816042.7512,20143343.0895,20142957.7341
000001.SZ,20240306,10.33,0.6934,1.649,0.66,4.4042,4.1339,0.5063,1.1143,1.1843,2.759,2.759,1940591.8198,1940554.695,816042.7512,20046313.4985,20045929.9994
000001.SZ,20240305,10.43,0.9365,2.227,0.87,4.4469,4.174,0.5112,1.1251,1.1958,2.7325,2.7325,1940591.8198,1940554.695,816042.7512,20240372.6805,20239985.4689
000001.SZ,20240304,10.33,0.8533,2.0292,0.71,4.4042,4.1339,0.5063,1.1143,1.1843,2.759,2.759,1940591.8198,1940554.695,816042.7512,20046313.4985,20045929.9994
000001.SZ,20240301,10.49,0.9421,2.2402,0.69,4.4725,4.198,0.5142,1.1316,1.2027,2.7169,2.7169,1940591.8198,1940554.695,816042.7512,20356808.1897,20356418.7506
000001.SZ,20240229,10.59,0.9509,2.2613,0.56,4.5151,4.238,0.5191,1.1424,1.2141,2.6912,2.6912,1940591.8198,1940554.695,816042.7512,20550867.3717,20550474.2201
000001.SZ,20240228,10.49,1.5886,3.7776,0.84,4.4725,4.198,0.5142,1.1316,1.2027,2.7169,2.7169,1940591.8198,1940554.695,816042.7512,20356808.1897,20356418.7506
000001.SZ,20240227,10.5,1.0213,2.4287,0.57,4.4767,4.202,0.5147,1.1327,1.2038,2.7143,2.7143,1940591.8198,1940554.695,816042.7512,20376214.1079,20375824.2975
000001.SZ,20240226,10.53,1.4751,3.5079,0.88,4.4895,4.214,0.5161,1.1359,1.2073,2.7066,2.7066,1940591.8198,1940554.695,816042.7512,20434431.8625,20434040.9384
000001.SZ,20240223,10.85,1.8384,4.3717,1.24,4.6259,4.342,0.5318,1.1704,1.2439,2.6267,2.6267,1940591.8198,1940554.695,816042.7512,21055421.2448,21055018.4408
000001.SZ,20240222,10.9,2.5366,6.0319,2.14,4.6473,4.362,0.5343,1.1758,1.2497,2.6147,2.6147,1940591.8198,1940554.695,816042.7512,21152450.8358,21152046.1755
000001.SZ,20240221,10.8,2.6051,6.1949,2.99,4.6046,4.322,0.5294,1.165,1.2382,2.6389,2.6389,1940591.8198,1940554.695,816042.7512,20958391.6538,20957990.706
000001.SZ,20240220,9.82,0.579,1.3768,0.62,4.1868,3.9298,0.4813,1.0593,1.1259,2.9022,2.9022,1940591.8198,1940554.695,816042.7512,19056611.6704,19056247.1049
000001.SZ,20240219,9.81,0.8272,1.9671,0.88,4.1825,3.9258,0.4808,1.0582,1.1247,2.9052,2.9052,1940591.8198,1940554.695,816042.7512,19037205.7522,19036841.558
000001.SZ,20240208,9.67,0.8538,2.0303,0.97,4.1228,3.8698,0.474,1.0431,1.1087,2.9473,2.9473,1940591.8198,1940554.695,816042.7512,18765522.8975,18765163.9007
000001.SZ,20240207,9.61,1.0626,2.5268,1.31,4.0973,3.8458,0.471,1.0367,1.1018,2.9657,2.9657,1940591.8198,1940554.695,816042.7512,18649087.3883,18648730.619
000001.SZ,20240206,9.68,1.0283,2.4452,1.34,4.1271,3.8738,0.4745,1.0442,1.1098,2.9442,2.9442,1940591.8198,1940554.695,816042.7512,18784928.8157,18784569.4476
000001.SZ,20240205,9.38,0.9294,2.2102,1.13,3.9992,3.7538,0.4598,1.0119,1.0754,3.0384,3.0384,1940591.8198,1940554.695,816042.7512,18202751.2697,18202403.0391
000001.SZ,20240202,9.27,0.8421,2.0026,0.95,3.9523,3.7097,0.4544,1.0,1.0628,3.0744,3.0744,1940591.8198,1940554.695,816042.7512,17989286.1695,17988942.0227
000001.SZ,20240201,9.41,0.5438,1.2931,0.54,4.012,3.7658,0.4612,1.0151,1.0788,3.0287,3.0287,1940591.8198,1940554.695,816042.7512,18260969.0243,18260619.68
000001.SZ,20240131,9.46,0.6994,1.6632,0.67,4.0333,3.7858,0.4637,1.0205,1.0846,3.0127,3.0127,1940591.8198,1940554.695,816042.7512,18357998.6153,18357647.4147
000001.SZ,20240130,9.5,0.8137,1.9351,0.81,4.0504,3.8018,0.4656,1.0248,1.0892,3.0,3.0,1940591.8198,1940554.695,816042.7512,18435622.2881,18435269.6025
000001.SZ,20240129,9.7,1.2245,2.9119,1.33,4.1356,3.8818,0.4754,1.0464,1.1121,2.9381,2.9381,1940591.8198,1940554.695,816042.7512,18823740.6521,18823380.5415
000001.SZ,20240126,9.62,1.1709,2.7845,1.49,4.1015,3.8498,0.4715,1.0377,1.1029,2.9626,2.9626,1940591.8198,1940554.695,816042.7512,18668493.3065,18668136.1659
000001.SZ,20240125,9.5,1.1144,2.65,1.5,4.0504,3.8018,0.4656,1.0248,1.0892,3.0,3.0,1940591.8198,1940554.695,816042.7512,18435622.2881,18435269.6025
000001.SZ,20240124,9.33,0.9065,2.1557,1.27,3.9779,3.7338,0.4573,1.0065,1.0697,3.0547,3.0547,1940591.8198,1940554.695,816042.7512,18105721.6787,18105375.3044
000001.SZ,20240123,9.16,0.5852,1.3915,0.79,3.9054,3.6657,0.449,0.9881,1.0502,3.1114,3.1114,1940591.8198,1940554.695,816042.7512,17775821.0694,17775481.0062
000001.SZ,20240122,9.1,0.8144,1.9366,1.24,3.8798,3.6417,0.446,0.9816,1.0433,3.1319,3.1319,1940591.8198,1940554.695,816042.7512,17659385.5602,17659047.7245
000001.SZ,20240119,9.17,0.4968,1.1813,0.78,3.9097,3.6697,0.4495,0.9892,1.0513,3.108,3.108,1940591.8198,1940554.695,816042.7512,17795226.9876,17794886.5532
000001.SZ,20240118,9.2,0.9044,2.1508,1.63,3.9225,3.6817,0.4509,0.9924,1.0548,3.0978,3.0978,1940591.8198,1940554.695,816042.7512,17853444.7422,17853103.194
000001.SZ,20240117,9.23,0.7639,1.8164,1.56,3.9352,3.6937,0.4524,0.9957,1.0582,3.0878,3.0878,1940591.8198,1940554.695,816042.7512,17911662.4968,17911319.8349
000001.SZ,20240116,9.34,0.7412,1.7625,1.76,3.9821,3.7378,0.4578,1.0075,1.0708,3.0514,3.0514,1940591.8198,1940554.695,816042.7512,18125127.5969,18124780.8513
000001.SZ,20240115,9.21,0.384,0.9131,0.84,3.9267,3.6857,0.4514,0.9935,1.0559,3.0945,3.0945,1940591.8198,1940554.695,816042.7512,17872850.6604,17872508.741
000001.SZ,20240112,9.19,0.3981,0.9467,0.68,3.9182,3.6777,0.4505,0.9914,1.0536,3.1012,3.1012,1940591.8198,1940554.695,816042.7512,17834038.824,17833697.6471
000001.SZ,20240111,9.17,0.4817,1.1454,0.83,3.9097,3.6697,0.4495,0.9892,1.0513,3.108,3.108,1940591.8198,1940554.695,816042.7512,17795226.9876,17794886.5532
000001.SZ,20240110,9.09,0.4425,1.0522,0.78,3.8756,3.6377,0.4455,0.9806,1.0422,3.1353,3.1353,1940591.8198,1940554.695,816042.7512,17639979.642,17639642.1776
000001.SZ,20240109,9.18,0.3948,0.9389,0.65,3.9139,3.6737,0.45,0.9903,1.0525,3.1046,3.1046,1940591.8198,1940554.695,816042.7512,17814632.9058,17814292.1001
000001.SZ,20240108,9.15,0.5778,1.3739,1.0,3.9011,3.6617,0.4485,0.987,1.049,3.1148,3.1148,1940591.8198,1940554.695,816042.7512,17756415.1512,17756075.4593
000001.SZ,20240105,9.27,1.0263,2.4406,1.89,3.9523,3.7097,0.4544,1.0,1.0628,3.0744,3.0744,1940591.8198,1940554.695,816042.7512,17989286.1695,17988942.0227
000001.SZ,20240104,9.11,0.4453,1.059,0.86,3.8841,3.6457,0.4465,0.9827,1.0445,3.1284,3.1284,1940591.8198,1940554.695,816042.7512,17678791.4784,17678453.2715
000001.SZ,20240103,9.2,0.378,0.899,0.76,3.9225,3.6817,0.4509,0.9924,1.0548,3.0978,3.0978,1940591.8198,1940554.695,816042.7512,17853444.7422,17853103.194
000001.SZ,20240102,9.21,0.5969,1.4195,1.41,3.9267,3.6857,0.4514,0.9935,1.0559,3.0945,3.0945,1940591.8198,1940554.695,816042.7512,17872850.6604,17872508.741
