trade_date,ts_code,curve_name,curve_type,curve_term,yield
20221125,1001.CB,中债国债收益率曲线,0,0.0,0.9901
20221125,1001.CB,中债国债收益率曲线,0,0.08,1.2452
20221125,1001.CB,中债国债收益率曲线,0,0.1,1.3327
20221125,1001.CB,中债国债收益率曲线,0,0.17,1.9614
20221125,1001.CB,中债国债收益率曲线,0,0.2,2.0
20221125,1001.CB,中债国债收益率曲线,0,0.25,2.0002
20221125,1001.CB,中债国债收益率曲线,0,0.3,2.0061
20221125,1001.CB,中债国债收益率曲线,0,0.4,2.0287
20221125,1001.CB,中债国债收益率曲线,0,0.5,2.0422
20221125,1001.CB,中债国债收益率曲线,0,0.6,2.0461
20221125,1001.CB,中债国债收益率曲线,0,0.7,2.0472
20221125,1001.CB,中债国债收益率曲线,0,0.75,2.0477
20221125,1001.CB,中债国债收益率曲线,0,0.8,2.0499
20221125,1001.CB,中债国债收益率曲线,0,0.9,2.0588
20221125,1001.CB,中债国债收益率曲线,0,1.0,2.0685
20221125,1001.CB,中债国债收益率曲线,0,1.1,2.0833
20221125,1001.CB,中债国债收益率曲线,0,1.2,2.1025
20221125,1001.CB,中债国债收益率曲线,0,1.3,2.1249
20221125,1001.CB,中债国债收益率曲线,0,1.4,2.1495
20221125,1001.CB,中债国债收益率曲线,0,1.5,2.1752
20221125,1001.CB,中债国债收益率曲线,0,1.6,2.2011
20221125,1001.CB,中债国债收益率曲线,0,1.7,2.226
20221125,1001.CB,中债国债收益率曲线,0,1.8,2.2488
20221125,1001.CB,中债国债收益率曲线,0,1.9,2.2691
20221125,1001.CB,中债国债收益率曲线,0,2.0,2.2871
20221125,1001.CB,中债国债收益率曲线,0,2.1,2.3033
20221125,1001.CB,中债国债收益率曲线,0,2.2,2.3179
20221125,1001.CB,中债国债收益率曲线,0,2.3,2.3312
20221125,1001.CB,中债国债收益率曲线,0,2.4,2.3436
20221125,1001.CB,中债国债收益率曲线,0,2.5,2.3553
20221125,1001.CB,中债国债收益率曲线,0,2.6,2.3667
20221125,1001.CB,中债国债收益率曲线,0,2.7,2.3781
20221125,1001.CB,中债国债收益率曲线,0,2.8,2.3898
20221125,1001.CB,中债国债收益率曲线,0,2.9,2.4021
20221125,1001.CB,中债国债收益率曲线,0,3.0,2.4154
20221125,1001.CB,中债国债收益率曲线,0,3.1,2.4288
20221125,1001.CB,中债国债收益率曲线,0,3.2,2.4415
20221125,1001.CB,中债国债收益率曲线,0,3.3,2.4535
20221125,1001.CB,中债国债收益率曲线,0,3.4,2.4648
20221125,1001.CB,中债国债收益率曲线,0,3.5,2.4756
20221125,1001.CB,中债国债收益率曲线,0,3.6,2.4859
20221125,1001.CB,中债国债收益率曲线,0,3.7,2.4957
20221125,1001.CB,中债国债收益率曲线,0,3.8,2.5051
20221125,1001.CB,中债国债收益率曲线,0,3.9,2.5143
20221125,1001.CB,中债国债收益率曲线,0,4.0,2.5232
20221125,1001.CB,中债国债收益率曲线,0,4.1,2.532
20221125,1001.CB,中债国债收益率曲线,0,4.2,2.5406
20221125,1001.CB,中债国债收益率曲线,0,4.3,2.5492
20221125,1001.CB,中债国债收益率曲线,0,4.4,2.5578
20221125,1001.CB,中债国债收益率曲线,0,4.5,2.5666
20221125,1001.CB,中债国债收益率曲线,0,4.6,2.5754
20221125,1001.CB,中债国债收益率曲线,0,4.7,2.5846
20221125,1001.CB,中债国债收益率曲线,0,4.8,2.594
20221125,1001.CB,中债国债收益率曲线,0,4.9,2.6037
20221125,1001.CB,中债国债收益率曲线,0,5.0,2.6144
20221125,1001.CB,中债国债收益率曲线,0,5.1,2.6262
20221125,1001.CB,中债国债收益率曲线,0,5.2,2.6389
20221125,1001.CB,中债国债收益率曲线,0,5.3,2.6524
20221125,1001.CB,中债国债收益率曲线,0,5.4,2.6664
20221125,1001.CB,中债国债收益率曲线,0,5.5,2.6808
20221125,1001.CB,中债国债收益率曲线,0,5.6,2.6954
20221125,1001.CB,中债国债收益率曲线,0,5.7,2.71
20221125,1001.CB,中债国债收益率曲线,0,5.8,2.7245
20221125,1001.CB,中债国债收益率曲线,0,5.9,2.7386
20221125,1001.CB,中债国债收益率曲线,0,6.0,2.7521
20221125,1001.CB,中债国债收益率曲线,0,6.1,2.765
20221125,1001.CB,中债国债收益率曲线,0,6.2,2.7769
20221125,1001.CB,中债国债收益率曲线,0,6.3,2.7878
20221125,1001.CB,中债国债收益率曲线,0,6.4,2.7974
20221125,1001.CB,中债国债收益率曲线,0,6.5,2.8056
20221125,1001.CB,中债国债收益率曲线,0,6.6,2.8121
20221125,1001.CB,中债国债收益率曲线,0,6.7,2.8168
20221125,1001.CB,中债国债收益率曲线,0,6.8,2.8196
20221125,1001.CB,中债国债收益率曲线,0,6.9,2.8206
20221125,1001.CB,中债国债收益率曲线,0,7.0,2.8215
20221125,1001.CB,中债国债收益率曲线,0,7.1,2.8223
20221125,1001.CB,中债国债收益率曲线,0,7.2,2.8231
20221125,1001.CB,中债国债收益率曲线,0,7.3,2.8238
20221125,1001.CB,中债国债收益率曲线,0,7.4,2.8245
20221125,1001.CB,中债国债收益率曲线,0,7.5,2.8251
20221125,1001.CB,中债国债收益率曲线,0,7.6,2.8256
20221125,1001.CB,中债国债收益率曲线,0,7.7,2.8262
20221125,1001.CB,中债国债收益率曲线,0,7.8,2.8266
20221125,1001.CB,中债国债收益率曲线,0,7.9,2.8271
20221125,1001.CB,中债国债收益率曲线,0,8.0,2.8274
20221125,1001.CB,中债国债收益率曲线,0,8.1,2.8278
20221125,1001.CB,中债国债收益率曲线,0,8.2,2.8281
20221125,1001.CB,中债国债收益率曲线,0,8.3,2.8284
20221125,1001.CB,中债国债收益率曲线,0,8.4,2.8286
20221125,1001.CB,中债国债收益率曲线,0,8.5,2.8289
20221125,1001.CB,中债国债收益率曲线,0,8.6,2.829
20221125,1001.CB,中债国债收益率曲线,0,8.7,2.8292
20221125,1001.CB,中债国债收益率曲线,0,8.8,2.8294
20221125,1001.CB,中债国债收益率曲线,0,8.9,2.8295
20221125,1001.CB,中债国债收益率曲线,0,9.0,2.8296
20221125,1001.CB,中债国债收益率曲线,0,9.1,2.8297
20221125,1001.CB,中债国债收益率曲线,0,9.2,2.8297
20221125,1001.CB,中债国债收益率曲线,0,9.3,2.8298
20221125,1001.CB,中债国债收益率曲线,0,9.4,2.8298
20221125,1001.CB,中债国债收益率曲线,0,9.5,2.8299
20221125,1001.CB,中债国债收益率曲线,0,9.6,2.8299
20221125,1001.CB,中债国债收益率曲线,0,9.7,2.8299
20221125,1001.CB,中债国债收益率曲线,0,9.8,2.83
20221125,1001.CB,中债国债收益率曲线,0,9.9,2.83
20221125,1001.CB,中债国债收益率曲线,0,10.0,2.83
20221125,1001.CB,中债国债收益率曲线,0,10.1,2.8302
20221125,1001.CB,中债国债收益率曲线,0,10.2,2.8306
20221125,1001.CB,中债国债收益率曲线,0,10.3,2.8312
20221125,1001.CB,中债国债收益率曲线,0,10.4,2.832
20221125,1001.CB,中债国债收益率曲线,0,10.5,2.833
20221125,1001.CB,中债国债收益率曲线,0,10.6,2.8342
20221125,1001.CB,中债国债收益率曲线,0,10.7,2.8355
20221125,1001.CB,中债国债收益率曲线,0,10.8,2.837
20221125,1001.CB,中债国债收益率曲线,0,10.9,2.8387
20221125,1001.CB,中债国债收益率曲线,0,11.0,2.8405
20221125,1001.CB,中债国债收益率曲线,0,11.1,2.8425
20221125,1001.CB,中债国债收益率曲线,0,11.2,2.8446
20221125,1001.CB,中债国债收益率曲线,0,11.3,2.8469
20221125,1001.CB,中债国债收益率曲线,0,11.4,2.8492
20221125,1001.CB,中债国债收益率曲线,0,11.5,2.8518
20221125,1001.CB,中债国债收益率曲线,0,11.6,2.8544
20221125,1001.CB,中债国债收益率曲线,0,11.7,2.8571
20221125,1001.CB,中债国债收益率曲线,0,11.8,2.86
20221125,1001.CB,中债国债收益率曲线,0,11.9,2.8629
20221125,1001.CB,中债国债收益率曲线,0,12.0,2.866
20221125,1001.CB,中债国债收益率曲线,0,12.1,2.8691
20221125,1001.CB,中债国债收益率曲线,0,12.2,2.8723
20221125,1001.CB,中债国债收益率曲线,0,12.3,2.8755
20221125,1001.CB,中债国债收益率曲线,0,12.4,2.8789
20221125,1001.CB,中债国债收益率曲线,0,12.5,2.8823
20221125,1001.CB,中债国债收益率曲线,0,12.6,2.8857
20221125,1001.CB,中债国债收益率曲线,0,12.7,2.8892
20221125,1001.CB,中债国债收益率曲线,0,12.8,2.8928
20221125,1001.CB,中债国债收益率曲线,0,12.9,2.8963
20221125,1001.CB,中债国债收益率曲线,0,13.0,2.8999
20221125,1001.CB,中债国债收益率曲线,0,13.1,2.9035
20221125,1001.CB,中债国债收益率曲线,0,13.2,2.9072
20221125,1001.CB,中债国债收益率曲线,0,13.3,2.9108
20221125,1001.CB,中债国债收益率曲线,0,13.4,2.9145
20221125,1001.CB,中债国债收益率曲线,0,13.5,2.9181
20221125,1001.CB,中债国债收益率曲线,0,13.6,2.9217
20221125,1001.CB,中债国债收益率曲线,0,13.7,2.9253
20221125,1001.CB,中债国债收益率曲线,0,13.8,2.9289
20221125,1001.CB,中债国债收益率曲线,0,13.9,2.9325
20221125,1001.CB,中债国债收益率曲线,0,14.0,2.936
20221125,1001.CB,中债国债收益率曲线,0,14.1,2.9395
20221125,1001.CB,中债国债收益率曲线,0,14.2,2.9429
20221125,1001.CB,中债国债收益率曲线,0,14.3,2.9463
20221125,1001.CB,中债国债收益率曲线,0,14.4,2.9496
20221125,1001.CB,中债国债收益率曲线,0,14.5,2.9528
20221125,1001.CB,中债国债收益率曲线,0,14.6,2.9559
20221125,1001.CB,中债国债收益率曲线,0,14.7,2.959
20221125,1001.CB,中债国债收益率曲线,0,14.8,2.962
20221125,1001.CB,中债国债收益率曲线,0,14.9,2.9649
20221125,1001.CB,中债国债收益率曲线,0,15.0,2.9677
20221125,1001.CB,中债国债收益率曲线,0,15.1,2.9704
20221125,1001.CB,中债国债收益率曲线,0,15.2,2.973
20221125,1001.CB,中债国债收益率曲线,0,15.3,2.9755
20221125,1001.CB,中债国债收益率曲线,0,15.4,2.9779
20221125,1001.CB,中债国债收益率曲线,0,15.5,2.9803
20221125,1001.CB,中债国债收益率曲线,0,15.6,2.9825
20221125,1001.CB,中债国债收益率曲线,0,15.7,2.9847
20221125,1001.CB,中债国债收益率曲线,0,15.8,2.9868
20221125,1001.CB,中债国债收益率曲线,0,15.9,2.9889
20221125,1001.CB,中债国债收益率曲线,0,16.0,2.9909
20221125,1001.CB,中债国债收益率曲线,0,16.1,2.9928
20221125,1001.CB,中债国债收益率曲线,0,16.2,2.9946
20221125,1001.CB,中债国债收益率曲线,0,16.3,2.9964
20221125,1001.CB,中债国债收益率曲线,0,16.4,2.9981
20221125,1001.CB,中债国债收益率曲线,0,16.5,2.9998
20221125,1001.CB,中债国债收益率曲线,0,16.6,3.0014
20221125,1001.CB,中债国债收益率曲线,0,16.7,3.003
20221125,1001.CB,中债国债收益率曲线,0,16.8,3.0045
20221125,1001.CB,中债国债收益率曲线,0,16.9,3.006
20221125,1001.CB,中债国债收益率曲线,0,17.0,3.0074
20221125,1001.CB,中债国债收益率曲线,0,17.1,3.0088
20221125,1001.CB,中债国债收益率曲线,0,17.2,3.0102
20221125,1001.CB,中债国债收益率曲线,0,17.3,3.0116
20221125,1001.CB,中债国债收益率曲线,0,17.4,3.0129
20221125,1001.CB,中债国债收益率曲线,0,17.5,3.0141
20221125,1001.CB,中债国债收益率曲线,0,17.6,3.0154
20221125,1001.CB,中债国债收益率曲线,0,17.7,3.0166
20221125,1001.CB,中债国债收益率曲线,0,17.8,3.0179
20221125,1001.CB,中债国债收益率曲线,0,17.9,3.0191
20221125,1001.CB,中债国债收益率曲线,0,18.0,3.0203
20221125,1001.CB,中债国债收益率曲线,0,18.1,3.0214
20221125,1001.CB,中债国债收益率曲线,0,18.2,3.0226
20221125,1001.CB,中债国债收益率曲线,0,18.3,3.0238
20221125,1001.CB,中债国债收益率曲线,0,18.4,3.025
20221125,1001.CB,中债国债收益率曲线,0,18.5,3.0261
20221125,1001.CB,中债国债收益率曲线,0,18.6,3.0273
20221125,1001.CB,中债国债收益率曲线,0,18.7,3.0285
20221125,1001.CB,中债国债收益率曲线,0,18.8,3.0297
20221125,1001.CB,中债国债收益率曲线,0,18.9,3.0309
20221125,1001.CB,中债国债收益率曲线,0,19.0,3.0321
20221125,1001.CB,中债国债收益率曲线,0,19.1,3.0334
20221125,1001.CB,中债国债收益率曲线,0,19.2,3.0347
20221125,1001.CB,中债国债收益率曲线,0,19.3,3.0359
20221125,1001.CB,中债国债收益率曲线,0,19.4,3.0373
20221125,1001.CB,中债国债收益率曲线,0,19.5,3.0386
20221125,1001.CB,中债国债收益率曲线,0,19.6,3.04
20221125,1001.CB,中债国债收益率曲线,0,19.7,3.0414
20221125,1001.CB,中债国债收益率曲线,0,19.8,3.0429
20221125,1001.CB,中债国债收益率曲线,0,19.9,3.0444
20221125,1001.CB,中债国债收益率曲线,0,20.0,3.0459
20221125,1001.CB,中债国债收益率曲线,0,20.1,3.0475
20221125,1001.CB,中债国债收益率曲线,0,20.2,3.0491
20221125,1001.CB,中债国债收益率曲线,0,20.3,3.0506
20221125,1001.CB,中债国债收益率曲线,0,20.4,3.0523
20221125,1001.CB,中债国债收益率曲线,0,20.5,3.0539
20221125,1001.CB,中债国债收益率曲线,0,20.6,3.0555
20221125,1001.CB,中债国债收益率曲线,0,20.7,3.0571
20221125,1001.CB,中债国债收益率曲线,0,20.8,3.0588
20221125,1001.CB,中债国债收益率曲线,0,20.9,3.0604
20221125,1001.CB,中债国债收益率曲线,0,21.0,3.0621
20221125,1001.CB,中债国债收益率曲线,0,21.1,3.0638
20221125,1001.CB,中债国债收益率曲线,0,21.2,3.0655
20221125,1001.CB,中债国债收益率曲线,0,21.3,3.0672
20221125,1001.CB,中债国债收益率曲线,0,21.4,3.0689
20221125,1001.CB,中债国债收益率曲线,0,21.5,3.0706
20221125,1001.CB,中债国债收益率曲线,0,21.6,3.0723
20221125,1001.CB,中债国债收益率曲线,0,21.7,3.074
20221125,1001.CB,中债国债收益率曲线,0,21.8,3.0758
20221125,1001.CB,中债国债收益率曲线,0,21.9,3.0775
20221125,1001.CB,中债国债收益率曲线,0,22.0,3.0792
20221125,1001.CB,中债国债收益率曲线,0,22.1,3.081
20221125,1001.CB,中债国债收益率曲线,0,22.2,3.0828
20221125,1001.CB,中债国债收益率曲线,0,22.3,3.0845
20221125,1001.CB,中债国债收益率曲线,0,22.4,3.0863
20221125,1001.CB,中债国债收益率曲线,0,22.5,3.0881
20221125,1001.CB,中债国债收益率曲线,0,22.6,3.0899
20221125,1001.CB,中债国债收益率曲线,0,22.7,3.0916
20221125,1001.CB,中债国债收益率曲线,0,22.8,3.0934
20221125,1001.CB,中债国债收益率曲线,0,22.9,3.0952
20221125,1001.CB,中债国债收益率曲线,0,23.0,3.097
20221125,1001.CB,中债国债收益率曲线,0,23.1,3.0988
20221125,1001.CB,中债国债收益率曲线,0,23.2,3.1007
20221125,1001.CB,中债国债收益率曲线,0,23.3,3.1025
20221125,1001.CB,中债国债收益率曲线,0,23.4,3.1043
20221125,1001.CB,中债国债收益率曲线,0,23.5,3.1061
20221125,1001.CB,中债国债收益率曲线,0,23.6,3.1079
20221125,1001.CB,中债国债收益率曲线,0,23.7,3.1097
20221125,1001.CB,中债国债收益率曲线,0,23.8,3.1116
20221125,1001.CB,中债国债收益率曲线,0,23.9,3.1134
20221125,1001.CB,中债国债收益率曲线,0,24.0,3.1152
20221125,1001.CB,中债国债收益率曲线,0,24.1,3.117
20221125,1001.CB,中债国债收益率曲线,0,24.2,3.1189
20221125,1001.CB,中债国债收益率曲线,0,24.3,3.1207
20221125,1001.CB,中债国债收益率曲线,0,24.4,3.1225
20221125,1001.CB,中债国债收益率曲线,0,24.5,3.1243
20221125,1001.CB,中债国债收益率曲线,0,24.6,3.1262
20221125,1001.CB,中债国债收益率曲线,0,24.7,3.128
20221125,1001.CB,中债国债收益率曲线,0,24.8,3.1298
20221125,1001.CB,中债国债收益率曲线,0,24.9,3.1316
20221125,1001.CB,中债国债收益率曲线,0,25.0,3.1335
20221125,1001.CB,中债国债收益率曲线,0,25.1,3.1353
20221125,1001.CB,中债国债收益率曲线,0,25.2,3.1371
20221125,1001.CB,中债国债收益率曲线,0,25.3,3.1389
20221125,1001.CB,中债国债收益率曲线,0,25.4,3.1407
20221125,1001.CB,中债国债收益率曲线,0,25.5,3.1425
20221125,1001.CB,中债国债收益率曲线,0,25.6,3.1443
20221125,1001.CB,中债国债收益率曲线,0,25.7,3.1461
20221125,1001.CB,中债国债收益率曲线,0,25.8,3.1479
20221125,1001.CB,中债国债收益率曲线,0,25.9,3.1497
20221125,1001.CB,中债国债收益率曲线,0,26.0,3.1515
20221125,1001.CB,中债国债收益率曲线,0,26.1,3.1533
20221125,1001.CB,中债国债收益率曲线,0,26.2,3.1551
20221125,1001.CB,中债国债收益率曲线,0,26.3,3.1569
20221125,1001.CB,中债国债收益率曲线,0,26.4,3.1586
20221125,1001.CB,中债国债收益率曲线,0,26.5,3.1604
20221125,1001.CB,中债国债收益率曲线,0,26.6,3.1622
20221125,1001.CB,中债国债收益率曲线,0,26.7,3.1639
20221125,1001.CB,中债国债收益率曲线,0,26.8,3.1656
20221125,1001.CB,中债国债收益率曲线,0,26.9,3.1674
20221125,1001.CB,中债国债收益率曲线,0,27.0,3.1691
20221125,1001.CB,中债国债收益率曲线,0,27.1,3.1708
20221125,1001.CB,中债国债收益率曲线,0,27.2,3.1725
20221125,1001.CB,中债国债收益率曲线,0,27.3,3.1742
20221125,1001.CB,中债国债收益率曲线,0,27.4,3.1759
20221125,1001.CB,中债国债收益率曲线,0,27.5,3.1776
20221125,1001.CB,中债国债收益率曲线,0,27.6,3.1793
20221125,1001.CB,中债国债收益率曲线,0,27.7,3.181
20221125,1001.CB,中债国债收益率曲线,0,27.8,3.1826
20221125,1001.CB,中债国债收益率曲线,0,27.9,3.1843
20221125,1001.CB,中债国债收益率曲线,0,28.0,3.1859
20221125,1001.CB,中债国债收益率曲线,0,28.1,3.1876
20221125,1001.CB,中债国债收益率曲线,0,28.2,3.1892
20221125,1001.CB,中债国债收益率曲线,0,28.3,3.1908
20221125,1001.CB,中债国债收益率曲线,0,28.4,3.1924
20221125,1001.CB,中债国债收益率曲线,0,28.5,3.194
20221125,1001.CB,中债国债收益率曲线,0,28.6,3.1955
20221125,1001.CB,中债国债收益率曲线,0,28.7,3.1971
20221125,1001.CB,中债国债收益率曲线,0,28.8,3.1987
20221125,1001.CB,中债国债收益率曲线,0,28.9,3.2002
20221125,1001.CB,中债国债收益率曲线,0,29.0,3.2017
20221125,1001.CB,中债国债收益率曲线,0,29.1,3.2032
20221125,1001.CB,中债国债收益率曲线,0,29.2,3.2047
20221125,1001.CB,中债国债收益率曲线,0,29.3,3.2062
20221125,1001.CB,中债国债收益率曲线,0,29.4,3.2077
20221125,1001.CB,中债国债收益率曲线,0,29.5,3.2091
20221125,1001.CB,中债国债收益率曲线,0,29.6,3.2106
20221125,1001.CB,中债国债收益率曲线,0,29.7,3.212
20221125,1001.CB,中债国债收益率曲线,0,29.8,3.2134
20221125,1001.CB,中债国债收益率曲线,0,29.9,3.2148
20221125,1001.CB,中债国债收益率曲线,0,30.0,3.2162
20221125,1001.CB,中债国债收益率曲线,0,30.1,3.2175
20221125,1001.CB,中债国债收益率曲线,0,30.2,3.2188
20221125,1001.CB,中债国债收益率曲线,0,30.3,3.2201
20221125,1001.CB,中债国债收益率曲线,0,30.4,3.2213
20221125,1001.CB,中债国债收益率曲线,0,30.5,3.2225
20221125,1001.CB,中债国债收益率曲线,0,30.6,3.2237
20221125,1001.CB,中债国债收益率曲线,0,30.7,3.2248
20221125,1001.CB,中债国债收益率曲线,0,30.8,3.226
20221125,1001.CB,中债国债收益率曲线,0,30.9,3.227
20221125,1001.CB,中债国债收益率曲线,0,31.0,3.2281
20221125,1001.CB,中债国债收益率曲线,0,31.1,3.2291
20221125,1001.CB,中债国债收益率曲线,0,31.2,3.2301
20221125,1001.CB,中债国债收益率曲线,0,31.3,3.2311
20221125,1001.CB,中债国债收益率曲线,0,31.4,3.232
20221125,1001.CB,中债国债收益率曲线,0,31.5,3.233
20221125,1001.CB,中债国债收益率曲线,0,31.6,3.2339
20221125,1001.CB,中债国债收益率曲线,0,31.7,3.2347
20221125,1001.CB,中债国债收益率曲线,0,31.8,3.2356
20221125,1001.CB,中债国债收益率曲线,0,31.9,3.2364
20221125,1001.CB,中债国债收益率曲线,0,32.0,3.2372
20221125,1001.CB,中债国债收益率曲线,0,32.1,3.2379
20221125,1001.CB,中债国债收益率曲线,0,32.2,3.2387
20221125,1001.CB,中债国债收益率曲线,0,32.3,3.2394
20221125,1001.CB,中债国债收益率曲线,0,32.4,3.2401
20221125,1001.CB,中债国债收益率曲线,0,32.5,3.2408
20221125,1001.CB,中债国债收益率曲线,0,32.6,3.2414
20221125,1001.CB,中债国债收益率曲线,0,32.7,3.242
20221125,1001.CB,中债国债收益率曲线,0,32.8,3.2426
20221125,1001.CB,中债国债收益率曲线,0,32.9,3.2432
20221125,1001.CB,中债国债收益率曲线,0,33.0,3.2438
20221125,1001.CB,中债国债收益率曲线,0,33.1,3.2444
20221125,1001.CB,中债国债收益率曲线,0,33.2,3.2449
20221125,1001.CB,中债国债收益率曲线,0,33.3,3.2454
20221125,1001.CB,中债国债收益率曲线,0,33.4,3.2459
20221125,1001.CB,中债国债收益率曲线,0,33.5,3.2464
20221125,1001.CB,中债国债收益率曲线,0,33.6,3.2468
20221125,1001.CB,中债国债收益率曲线,0,33.7,3.2473
20221125,1001.CB,中债国债收益率曲线,0,33.8,3.2477
20221125,1001.CB,中债国债收益率曲线,0,33.9,3.2481
20221125,1001.CB,中债国债收益率曲线,0,34.0,3.2485
20221125,1001.CB,中债国债收益率曲线,0,34.1,3.2489
20221125,1001.CB,中债国债收益率曲线,0,34.2,3.2493
20221125,1001.CB,中债国债收益率曲线,0,34.3,3.2496
20221125,1001.CB,中债国债收益率曲线,0,34.4,3.25
20221125,1001.CB,中债国债收益率曲线,0,34.5,3.2503
20221125,1001.CB,中债国债收益率曲线,0,34.6,3.2506
20221125,1001.CB,中债国债收益率曲线,0,34.7,3.2509
20221125,1001.CB,中债国债收益率曲线,0,34.8,3.2512
20221125,1001.CB,中债国债收益率曲线,0,34.9,3.2515
20221125,1001.CB,中债国债收益率曲线,0,35.0,3.2518
20221125,1001.CB,中债国债收益率曲线,0,35.1,3.2521
20221125,1001.CB,中债国债收益率曲线,0,35.2,3.2523
20221125,1001.CB,中债国债收益率曲线,0,35.3,3.2526
20221125,1001.CB,中债国债收益率曲线,0,35.4,3.2528
20221125,1001.CB,中债国债收益率曲线,0,35.5,3.2531
20221125,1001.CB,中债国债收益率曲线,0,35.6,3.2533
20221125,1001.CB,中债国债收益率曲线,0,35.7,3.2535
20221125,1001.CB,中债国债收益率曲线,0,35.8,3.2537
20221125,1001.CB,中债国债收益率曲线,0,35.9,3.2539
20221125,1001.CB,中债国债收益率曲线,0,36.0,3.2541
20221125,1001.CB,中债国债收益率曲线,0,36.1,3.2543
20221125,1001.CB,中债国债收益率曲线,0,36.2,3.2545
20221125,1001.CB,中债国债收益率曲线,0,36.3,3.2547
20221125,1001.CB,中债国债收益率曲线,0,36.4,3.2549
20221125,1001.CB,中债国债收益率曲线,0,36.5,3.2551
20221125,1001.CB,中债国债收益率曲线,0,36.6,3.2552
20221125,1001.CB,中债国债收益率曲线,0,36.7,3.2554
20221125,1001.CB,中债国债收益率曲线,0,36.8,3.2556
20221125,1001.CB,中债国债收益率曲线,0,36.9,3.2558
20221125,1001.CB,中债国债收益率曲线,0,37.0,3.2559
20221125,1001.CB,中债国债收益率曲线,0,37.1,3.2561
20221125,1001.CB,中债国债收益率曲线,0,37.2,3.2563
20221125,1001.CB,中债国债收益率曲线,0,37.3,3.2565
20221125,1001.CB,中债国债收益率曲线,0,37.4,3.2566
20221125,1001.CB,中债国债收益率曲线,0,37.5,3.2568
20221125,1001.CB,中债国债收益率曲线,0,37.6,3.257
20221125,1001.CB,中债国债收益率曲线,0,37.7,3.2572
20221125,1001.CB,中债国债收益率曲线,0,37.8,3.2574
20221125,1001.CB,中债国债收益率曲线,0,37.9,3.2576
20221125,1001.CB,中债国债收益率曲线,0,38.0,3.2578
20221125,1001.CB,中债国债收益率曲线,0,38.1,3.258
20221125,1001.CB,中债国债收益率曲线,0,38.2,3.2582
20221125,1001.CB,中债国债收益率曲线,0,38.3,3.2584
20221125,1001.CB,中债国债收益率曲线,0,38.4,3.2586
20221125,1001.CB,中债国债收益率曲线,0,38.5,3.2588
20221125,1001.CB,中债国债收益率曲线,0,38.6,3.259
20221125,1001.CB,中债国债收益率曲线,0,38.7,3.2593
20221125,1001.CB,中债国债收益率曲线,0,38.8,3.2595
20221125,1001.CB,中债国债收益率曲线,0,38.9,3.2598
20221125,1001.CB,中债国债收益率曲线,0,39.0,3.2601
20221125,1001.CB,中债国债收益率曲线,0,39.1,3.2603
20221125,1001.CB,中债国债收益率曲线,0,39.2,3.2606
20221125,1001.CB,中债国债收益率曲线,0,39.3,3.2609
20221125,1001.CB,中债国债收益率曲线,0,39.4,3.2612
20221125,1001.CB,中债国债收益率曲线,0,39.5,3.2615
20221125,1001.CB,中债国债收益率曲线,0,39.6,3.2619
20221125,1001.CB,中债国债收益率曲线,0,39.7,3.2622
20221125,1001.CB,中债国债收益率曲线,0,39.8,3.2626
20221125,1001.CB,中债国债收益率曲线,0,39.9,3.2629
20221125,1001.CB,中债国债收益率曲线,0,40.0,3.2633
20221125,1001.CB,中债国债收益率曲线,0,40.1,3.2637
20221125,1001.CB,中债国债收益率曲线,0,40.2,3.2641
20221125,1001.CB,中债国债收益率曲线,0,40.3,3.2645
20221125,1001.CB,中债国债收益率曲线,0,40.4,3.2648
20221125,1001.CB,中债国债收益率曲线,0,40.5,3.2652
20221125,1001.CB,中债国债收益率曲线,0,40.6,3.2656
20221125,1001.CB,中债国债收益率曲线,0,40.7,3.266
20221125,1001.CB,中债国债收益率曲线,0,40.8,3.2663
20221125,1001.CB,中债国债收益率曲线,0,40.9,3.2667
20221125,1001.CB,中债国债收益率曲线,0,41.0,3.267
20221125,1001.CB,中债国债收益率曲线,0,41.1,3.2674
20221125,1001.CB,中债国债收益率曲线,0,41.2,3.2678
20221125,1001.CB,中债国债收益率曲线,0,41.3,3.2681
20221125,1001.CB,中债国债收益率曲线,0,41.4,3.2685
20221125,1001.CB,中债国债收益率曲线,0,41.5,3.2688
20221125,1001.CB,中债国债收益率曲线,0,41.6,3.2692
20221125,1001.CB,中债国债收益率曲线,0,41.7,3.2695
20221125,1001.CB,中债国债收益率曲线,0,41.8,3.2699
20221125,1001.CB,中债国债收益率曲线,0,41.9,3.2702
20221125,1001.CB,中债国债收益率曲线,0,42.0,3.2706
20221125,1001.CB,中债国债收益率曲线,0,42.1,3.2709
20221125,1001.CB,中债国债收益率曲线,0,42.2,3.2712
20221125,1001.CB,中债国债收益率曲线,0,42.3,3.2716
20221125,1001.CB,中债国债收益率曲线,0,42.4,3.2719
20221125,1001.CB,中债国债收益率曲线,0,42.5,3.2722
20221125,1001.CB,中债国债收益率曲线,0,42.6,3.2726
20221125,1001.CB,中债国债收益率曲线,0,42.7,3.2729
20221125,1001.CB,中债国债收益率曲线,0,42.8,3.2732
20221125,1001.CB,中债国债收益率曲线,0,42.9,3.2735
20221125,1001.CB,中债国债收益率曲线,0,43.0,3.2739
20221125,1001.CB,中债国债收益率曲线,0,43.1,3.2742
20221125,1001.CB,中债国债收益率曲线,0,43.2,3.2745
20221125,1001.CB,中债国债收益率曲线,0,43.3,3.2748
20221125,1001.CB,中债国债收益率曲线,0,43.4,3.2751
20221125,1001.CB,中债国债收益率曲线,0,43.5,3.2755
20221125,1001.CB,中债国债收益率曲线,0,43.6,3.2758
20221125,1001.CB,中债国债收益率曲线,0,43.7,3.2761
20221125,1001.CB,中债国债收益率曲线,0,43.8,3.2764
20221125,1001.CB,中债国债收益率曲线,0,43.9,3.2767
20221125,1001.CB,中债国债收益率曲线,0,44.0,3.277
20221125,1001.CB,中债国债收益率曲线,0,44.1,3.2773
20221125,1001.CB,中债国债收益率曲线,0,44.2,3.2776
20221125,1001.CB,中债国债收益率曲线,0,44.3,3.2779
20221125,1001.CB,中债国债收益率曲线,0,44.4,3.2782
20221125,1001.CB,中债国债收益率曲线,0,44.5,3.2785
20221125,1001.CB,中债国债收益率曲线,0,44.6,3.2788
20221125,1001.CB,中债国债收益率曲线,0,44.7,3.2791
20221125,1001.CB,中债国债收益率曲线,0,44.8,3.2794
20221125,1001.CB,中债国债收益率曲线,0,44.9,3.2797
20221125,1001.CB,中债国债收益率曲线,0,45.0,3.28
20221125,1001.CB,中债国债收益率曲线,0,45.1,3.2803
20221125,1001.CB,中债国债收益率曲线,0,45.2,3.2806
20221125,1001.CB,中债国债收益率曲线,0,45.3,3.2809
20221125,1001.CB,中债国债收益率曲线,0,45.4,3.2812
20221125,1001.CB,中债国债收益率曲线,0,45.5,3.2815
20221125,1001.CB,中债国债收益率曲线,0,45.6,3.2818
20221125,1001.CB,中债国债收益率曲线,0,45.7,3.2821
20221125,1001.CB,中债国债收益率曲线,0,45.8,3.2824
20221125,1001.CB,中债国债收益率曲线,0,45.9,3.2827
20221125,1001.CB,中债国债收益率曲线,0,46.0,3.283
20221125,1001.CB,中债国债收益率曲线,0,46.1,3.2833
20221125,1001.CB,中债国债收益率曲线,0,46.2,3.2836
20221125,1001.CB,中债国债收益率曲线,0,46.3,3.2839
20221125,1001.CB,中债国债收益率曲线,0,46.4,3.2842
20221125,1001.CB,中债国债收益率曲线,0,46.5,3.2845
20221125,1001.CB,中债国债收益率曲线,0,46.6,3.2848
20221125,1001.CB,中债国债收益率曲线,0,46.7,3.2851
20221125,1001.CB,中债国债收益率曲线,0,46.8,3.2854
20221125,1001.CB,中债国债收益率曲线,0,46.9,3.2856
20221125,1001.CB,中债国债收益率曲线,0,47.0,3.2859
20221125,1001.CB,中债国债收益率曲线,0,47.1,3.2862
20221125,1001.CB,中债国债收益率曲线,0,47.2,3.2865
20221125,1001.CB,中债国债收益率曲线,0,47.3,3.2868
20221125,1001.CB,中债国债收益率曲线,0,47.4,3.2871
20221125,1001.CB,中债国债收益率曲线,0,47.5,3.2874
20221125,1001.CB,中债国债收益率曲线,0,47.6,3.2877
20221125,1001.CB,中债国债收益率曲线,0,47.7,3.288
20221125,1001.CB,中债国债收益率曲线,0,47.8,3.2883
20221125,1001.CB,中债国债收益率曲线,0,47.9,3.2886
20221125,1001.CB,中债国债收益率曲线,0,48.0,3.2889
20221125,1001.CB,中债国债收益率曲线,0,48.1,3.2892
20221125,1001.CB,中债国债收益率曲线,0,48.2,3.2895
20221125,1001.CB,中债国债收益率曲线,0,48.3,3.2898
20221125,1001.CB,中债国债收益率曲线,0,48.4,3.2901
20221125,1001.CB,中债国债收益率曲线,0,48.5,3.2904
20221125,1001.CB,中债国债收益率曲线,0,48.6,3.2907
20221125,1001.CB,中债国债收益率曲线,0,48.7,3.291
20221125,1001.CB,中债国债收益率曲线,0,48.8,3.2913
20221125,1001.CB,中债国债收益率曲线,0,48.9,3.2916
20221125,1001.CB,中债国债收益率曲线,0,49.0,3.2919
20221125,1001.CB,中债国债收益率曲线,0,49.1,3.2922
20221125,1001.CB,中债国债收益率曲线,0,49.2,3.2925
20221125,1001.CB,中债国债收益率曲线,0,49.3,3.2928
20221125,1001.CB,中债国债收益率曲线,0,49.4,3.2931
20221125,1001.CB,中债国债收益率曲线,0,49.5,3.2934
20221125,1001.CB,中债国债收益率曲线,0,49.6,3.2937
20221125,1001.CB,中债国债收益率曲线,0,49.7,3.2941
20221125,1001.CB,中债国债收益率曲线,0,49.8,3.2944
20221125,1001.CB,中债国债收益率曲线,0,49.9,3.2947
20221125,1001.CB,中债国债收益率曲线,0,50.0,3.295
20221125,1001.CB,中债国债收益率曲线,1,0.0,0.9877
20221125,1001.CB,中债国债收益率曲线,1,0.1,1.3283
20221125,1001.CB,中债国债收益率曲线,1,0.2,1.9901
20221125,1001.CB,中债国债收益率曲线,1,0.3,1.9961
20221125,1001.CB,中债国债收益率曲线,1,0.4,2.0186
20221125,1001.CB,中债国债收益率曲线,1,0.5,2.0319
20221125,1001.CB,中债国债收益率曲线,1,0.6,2.0357
20221125,1001.CB,中债国债收益率曲线,1,0.7,2.0368
20221125,1001.CB,中债国债收益率曲线,1,0.8,2.0395
20221125,1001.CB,中债国债收益率曲线,1,0.9,2.0483
20221125,1001.CB,中债国债收益率曲线,1,1.0,2.059
20221125,1001.CB,中债国债收益率曲线,1,1.1,2.0773
20221125,1001.CB,中债国债收益率曲线,1,1.2,2.1006
20221125,1001.CB,中债国债收益率曲线,1,1.3,2.1267
20221125,1001.CB,中债国债收益率曲线,1,1.4,2.1528
20221125,1001.CB,中债国债收益率曲线,1,1.5,2.1766
20221125,1001.CB,中债国债收益率曲线,1,1.6,2.1987
20221125,1001.CB,中债国债收益率曲线,1,1.7,2.2213
20221125,1001.CB,中债国债收益率曲线,1,1.8,2.2443
20221125,1001.CB,中债国债收益率曲线,1,1.9,2.2673
20221125,1001.CB,中债国债收益率曲线,1,2.0,2.2902
20221125,1001.CB,中债国债收益率曲线,1,2.1,2.3097
20221125,1001.CB,中债国债收益率曲线,1,2.2,2.3242
20221125,1001.CB,中债国债收益率曲线,1,2.3,2.336
20221125,1001.CB,中债国债收益率曲线,1,2.4,2.347
20221125,1001.CB,中债国债收益率曲线,1,2.5,2.3594
20221125,1001.CB,中债国债收益率曲线,1,2.6,2.3727
20221125,1001.CB,中债国债收益率曲线,1,2.7,2.3851
20221125,1001.CB,中债国债收益率曲线,1,2.8,2.397
20221125,1001.CB,中债国债收益率曲线,1,2.9,2.4087
20221125,1001.CB,中债国债收益率曲线,1,3.0,2.4207
20221125,1001.CB,中债国债收益率曲线,1,3.1,2.4331
20221125,1001.CB,中债国债收益率曲线,1,3.2,2.4454
20221125,1001.CB,中债国债收益率曲线,1,3.3,2.4578
20221125,1001.CB,中债国债收益率曲线,1,3.4,2.4702
20221125,1001.CB,中债国债收益率曲线,1,3.5,2.4826
20221125,1001.CB,中债国债收益率曲线,1,3.6,2.494
20221125,1001.CB,中债国债收益率曲线,1,3.7,2.504
20221125,1001.CB,中债国债收益率曲线,1,3.8,2.5132
20221125,1001.CB,中债国债收益率曲线,1,3.9,2.5222
20221125,1001.CB,中债国债收益率曲线,1,4.0,2.5316
20221125,1001.CB,中债国债收益率曲线,1,4.1,2.5411
20221125,1001.CB,中债国债收益率曲线,1,4.2,2.5501
20221125,1001.CB,中债国债收益率曲线,1,4.3,2.5589
20221125,1001.CB,中债国债收益率曲线,1,4.4,2.5676
20221125,1001.CB,中债国债收益率曲线,1,4.5,2.5764
20221125,1001.CB,中债国债收益率曲线,1,4.6,2.5858
20221125,1001.CB,中债国债收益率曲线,1,4.7,2.5956
20221125,1001.CB,中债国债收益率曲线,1,4.8,2.6059
20221125,1001.CB,中债国债收益率曲线,1,4.9,2.6161
20221125,1001.CB,中债国债收益率曲线,1,5.0,2.6263
20221125,1001.CB,中债国债收益率曲线,1,5.1,2.6375
20221125,1001.CB,中债国债收益率曲线,1,5.2,2.6508
20221125,1001.CB,中债国债收益率曲线,1,5.3,2.6652
20221125,1001.CB,中债国债收益率曲线,1,5.4,2.6798
20221125,1001.CB,中债国债收益率曲线,1,5.5,2.6939
20221125,1001.CB,中债国债收益率曲线,1,5.6,2.7079
20221125,1001.CB,中债国债收益率曲线,1,5.7,2.7224
20221125,1001.CB,中债国债收益率曲线,1,5.8,2.7373
20221125,1001.CB,中债国债收益率曲线,1,5.9,2.7523
20221125,1001.CB,中债国债收益率曲线,1,6.0,2.7671
20221125,1001.CB,中债国债收益率曲线,1,6.1,2.7806
20221125,1001.CB,中债国债收益率曲线,1,6.2,2.7925
20221125,1001.CB,中债国债收益率曲线,1,6.3,2.8033
20221125,1001.CB,中债国债收益率曲线,1,6.4,2.8139
20221125,1001.CB,中债国债收益率曲线,1,6.5,2.825
20221125,1001.CB,中债国债收益率曲线,1,6.6,2.8342
20221125,1001.CB,中债国债收益率曲线,1,6.7,2.8395
20221125,1001.CB,中债国债收益率曲线,1,6.8,2.8427
20221125,1001.CB,中债国债收益率曲线,1,6.9,2.8454
20221125,1001.CB,中债国债收益率曲线,1,7.0,2.8491
20221125,1001.CB,中债国债收益率曲线,1,7.1,2.8529
20221125,1001.CB,中债国债收益率曲线,1,7.2,2.8552
20221125,1001.CB,中债国债收益率曲线,1,7.3,2.8565
20221125,1001.CB,中债国债收益率曲线,1,7.4,2.8576
20221125,1001.CB,中债国债收益率曲线,1,7.5,2.8592
20221125,1001.CB,中债国债收益率曲线,1,7.6,2.8609
20221125,1001.CB,中债国债收益率曲线,1,7.7,2.8622
20221125,1001.CB,中债国债收益率曲线,1,7.8,2.8633
20221125,1001.CB,中债国债收益率曲线,1,7.9,2.8643
20221125,1001.CB,中债国债收益率曲线,1,8.0,2.8654
20221125,1001.CB,中债国债收益率曲线,1,8.1,2.8664
20221125,1001.CB,中债国债收益率曲线,1,8.2,2.8671
20221125,1001.CB,中债国债收益率曲线,1,8.3,2.8675
20221125,1001.CB,中债国债收益率曲线,1,8.4,2.868
20221125,1001.CB,中债国债收益率曲线,1,8.5,2.8685
20221125,1001.CB,中债国债收益率曲线,1,8.6,2.869
20221125,1001.CB,中债国债收益率曲线,1,8.7,2.8693
20221125,1001.CB,中债国债收益率曲线,1,8.8,2.8695
20221125,1001.CB,中债国债收益率曲线,1,8.9,2.8696
20221125,1001.CB,中债国债收益率曲线,1,9.0,2.8697
20221125,1001.CB,中债国债收益率曲线,1,9.1,2.8697
20221125,1001.CB,中债国债收益率曲线,1,9.2,2.8697
20221125,1001.CB,中债国债收益率曲线,1,9.3,2.8698
20221125,1001.CB,中债国债收益率曲线,1,9.4,2.8698
20221125,1001.CB,中债国债收益率曲线,1,9.5,2.8698
20221125,1001.CB,中债国债收益率曲线,1,9.6,2.8698
20221125,1001.CB,中债国债收益率曲线,1,9.7,2.8698
20221125,1001.CB,中债国债收益率曲线,1,9.8,2.8699
20221125,1001.CB,中债国债收益率曲线,1,9.9,2.8699
20221125,1001.CB,中债国债收益率曲线,1,10.0,2.8699
20221125,1001.CB,中债国债收益率曲线,1,10.1,2.8702
20221125,1001.CB,中债国债收益率曲线,1,10.2,2.8709
20221125,1001.CB,中债国债收益率曲线,1,10.3,2.8717
20221125,1001.CB,中债国债收益率曲线,1,10.4,2.8727
20221125,1001.CB,中债国债收益率曲线,1,10.5,2.8735
20221125,1001.CB,中债国债收益率曲线,1,10.6,2.8746
20221125,1001.CB,中债国债收益率曲线,1,10.7,2.8762
20221125,1001.CB,中债国债收益率曲线,1,10.8,2.8782
20221125,1001.CB,中债国债收益率曲线,1,10.9,2.8802
20221125,1001.CB,中债国债收益率曲线,1,11.0,2.8821
20221125,1001.CB,中债国债收益率曲线,1,11.1,2.8842
20221125,1001.CB,中债国债收益率曲线,1,11.2,2.8867
20221125,1001.CB,中债国债收益率曲线,1,11.3,2.8894
20221125,1001.CB,中债国债收益率曲线,1,11.4,2.8923
20221125,1001.CB,中债国债收益率曲线,1,11.5,2.895
20221125,1001.CB,中债国债收益率曲线,1,11.6,2.8978
20221125,1001.CB,中债国债收益率曲线,1,11.7,2.901
20221125,1001.CB,中债国债收益率曲线,1,11.8,2.9044
20221125,1001.CB,中债国债收益率曲线,1,11.9,2.9079
20221125,1001.CB,中债国债收益率曲线,1,12.0,2.9112
20221125,1001.CB,中债国债收益率曲线,1,12.1,2.9147
20221125,1001.CB,中债国债收益率曲线,1,12.2,2.9184
20221125,1001.CB,中债国债收益率曲线,1,12.3,2.9223
20221125,1001.CB,中债国债收益率曲线,1,12.4,2.9262
20221125,1001.CB,中债国债收益率曲线,1,12.5,2.93
20221125,1001.CB,中债国债收益率曲线,1,12.6,2.9339
20221125,1001.CB,中债国债收益率曲线,1,12.7,2.9379
20221125,1001.CB,中债国债收益率曲线,1,12.8,2.9421
20221125,1001.CB,中债国债收益率曲线,1,12.9,2.9463
20221125,1001.CB,中债国债收益率曲线,1,13.0,2.9504
20221125,1001.CB,中债国债收益率曲线,1,13.1,2.9546
20221125,1001.CB,中债国债收益率曲线,1,13.2,2.9588
20221125,1001.CB,中债国债收益率曲线,1,13.3,2.9631
20221125,1001.CB,中债国债收益率曲线,1,13.4,2.9673
20221125,1001.CB,中债国债收益率曲线,1,13.5,2.9716
20221125,1001.CB,中债国债收益率曲线,1,13.6,2.9758
20221125,1001.CB,中债国债收益率曲线,1,13.7,2.98
20221125,1001.CB,中债国债收益率曲线,1,13.8,2.9842
20221125,1001.CB,中债国债收益率曲线,1,13.9,2.9884
20221125,1001.CB,中债国债收益率曲线,1,14.0,2.9926
20221125,1001.CB,中债国债收益率曲线,1,14.1,2.9967
20221125,1001.CB,中债国债收益率曲线,1,14.2,3.0007
20221125,1001.CB,中债国债收益率曲线,1,14.3,3.0046
20221125,1001.CB,中债国债收益率曲线,1,14.4,3.0085
20221125,1001.CB,中债国债收益率曲线,1,14.5,3.0125
20221125,1001.CB,中债国债收益率曲线,1,14.6,3.0163
20221125,1001.CB,中债国债收益率曲线,1,14.7,3.0199
20221125,1001.CB,中债国债收益率曲线,1,14.8,3.0234
20221125,1001.CB,中债国债收益率曲线,1,14.9,3.0268
20221125,1001.CB,中债国债收益率曲线,1,15.0,3.0303
20221125,1001.CB,中债国债收益率曲线,1,15.1,3.0336
20221125,1001.CB,中债国债收益率曲线,1,15.2,3.0367
20221125,1001.CB,中债国债收益率曲线,1,15.3,3.0396
20221125,1001.CB,中债国债收益率曲线,1,15.4,3.0424
20221125,1001.CB,中债国债收益率曲线,1,15.5,3.0453
20221125,1001.CB,中债国债收益率曲线,1,15.6,3.0481
20221125,1001.CB,中债国债收益率曲线,1,15.7,3.0507
20221125,1001.CB,中债国债收益率曲线,1,15.8,3.0531
20221125,1001.CB,中债国债收益率曲线,1,15.9,3.0554
20221125,1001.CB,中债国债收益率曲线,1,16.0,3.0579
20221125,1001.CB,中债国债收益率曲线,1,16.1,3.0602
20221125,1001.CB,中债国债收益率曲线,1,16.2,3.0623
20221125,1001.CB,中债国债收益率曲线,1,16.3,3.0643
20221125,1001.CB,中债国债收益率曲线,1,16.4,3.0663
20221125,1001.CB,中债国债收益率曲线,1,16.5,3.0683
20221125,1001.CB,中债国债收益率曲线,1,16.6,3.0703
20221125,1001.CB,中债国债收益率曲线,1,16.7,3.0721
20221125,1001.CB,中债国债收益率曲线,1,16.8,3.0738
20221125,1001.CB,中债国债收益率曲线,1,16.9,3.0755
20221125,1001.CB,中债国债收益率曲线,1,17.0,3.0772
20221125,1001.CB,中债国债收益率曲线,1,17.1,3.0789
20221125,1001.CB,中债国债收益率曲线,1,17.2,3.0805
20221125,1001.CB,中债国债收益率曲线,1,17.3,3.082
20221125,1001.CB,中债国债收益率曲线,1,17.4,3.0834
20221125,1001.CB,中债国债收益率曲线,1,17.5,3.0849
20221125,1001.CB,中债国债收益率曲线,1,17.6,3.0864
20221125,1001.CB,中债国债收益率曲线,1,17.7,3.0878
20221125,1001.CB,中债国债收益率曲线,1,17.8,3.0892
20221125,1001.CB,中债国债收益率曲线,1,17.9,3.0905
20221125,1001.CB,中债国债收益率曲线,1,18.0,3.0919
20221125,1001.CB,中债国债收益率曲线,1,18.1,3.0933
20221125,1001.CB,中债国债收益率曲线,1,18.2,3.0947
20221125,1001.CB,中债国债收益率曲线,1,18.3,3.096
20221125,1001.CB,中债国债收益率曲线,1,18.4,3.0973
20221125,1001.CB,中债国债收益率曲线,1,18.5,3.0987
20221125,1001.CB,中债国债收益率曲线,1,18.6,3.1001
20221125,1001.CB,中债国债收益率曲线,1,18.7,3.1015
20221125,1001.CB,中债国债收益率曲线,1,18.8,3.1029
20221125,1001.CB,中债国债收益率曲线,1,18.9,3.1043
20221125,1001.CB,中债国债收益率曲线,1,19.0,3.1057
20221125,1001.CB,中债国债收益率曲线,1,19.1,3.1072
20221125,1001.CB,中债国债收益率曲线,1,19.2,3.1087
20221125,1001.CB,中债国债收益率曲线,1,19.3,3.1103
20221125,1001.CB,中债国债收益率曲线,1,19.4,3.1119
20221125,1001.CB,中债国债收益率曲线,1,19.5,3.1135
20221125,1001.CB,中债国债收益率曲线,1,19.6,3.1151
20221125,1001.CB,中债国债收益率曲线,1,19.7,3.1169
20221125,1001.CB,中债国债收益率曲线,1,19.8,3.1188
20221125,1001.CB,中债国债收益率曲线,1,19.9,3.1207
20221125,1001.CB,中债国债收益率曲线,1,20.0,3.1225
20221125,1001.CB,中债国债收益率曲线,1,20.1,3.1244
20221125,1001.CB,中债国债收益率曲线,1,20.2,3.1264
20221125,1001.CB,中债国债收益率曲线,1,20.3,3.1284
20221125,1001.CB,中债国债收益率曲线,1,20.4,3.1305
20221125,1001.CB,中债国债收益率曲线,1,20.5,3.1326
20221125,1001.CB,中债国债收益率曲线,1,20.6,3.1346
20221125,1001.CB,中债国债收益率曲线,1,20.7,3.1367
20221125,1001.CB,中债国债收益率曲线,1,20.8,3.1389
20221125,1001.CB,中债国债收益率曲线,1,20.9,3.141
20221125,1001.CB,中债国债收益率曲线,1,21.0,3.1432
20221125,1001.CB,中债国债收益率曲线,1,21.1,3.1453
20221125,1001.CB,中债国债收益率曲线,1,21.2,3.1475
20221125,1001.CB,中债国债收益率曲线,1,21.3,3.1497
20221125,1001.CB,中债国债收益率曲线,1,21.4,3.152
20221125,1001.CB,中债国债收益率曲线,1,21.5,3.1542
20221125,1001.CB,中债国债收益率曲线,1,21.6,3.1564
20221125,1001.CB,中债国债收益率曲线,1,21.7,3.1587
20221125,1001.CB,中债国债收益率曲线,1,21.8,3.161
20221125,1001.CB,中债国债收益率曲线,1,21.9,3.1633
20221125,1001.CB,中债国债收益率曲线,1,22.0,3.1656
20221125,1001.CB,中债国债收益率曲线,1,22.1,3.1679
20221125,1001.CB,中债国债收益率曲线,1,22.2,3.1703
20221125,1001.CB,中债国债收益率曲线,1,22.3,3.1726
20221125,1001.CB,中债国债收益率曲线,1,22.4,3.175
20221125,1001.CB,中债国债收益率曲线,1,22.5,3.1774
20221125,1001.CB,中债国债收益率曲线,1,22.6,3.1798
20221125,1001.CB,中债国债收益率曲线,1,22.7,3.1822
20221125,1001.CB,中债国债收益率曲线,1,22.8,3.1846
20221125,1001.CB,中债国债收益率曲线,1,22.9,3.1871
20221125,1001.CB,中债国债收益率曲线,1,23.0,3.1895
20221125,1001.CB,中债国债收益率曲线,1,23.1,3.1919
20221125,1001.CB,中债国债收益率曲线,1,23.2,3.1944
20221125,1001.CB,中债国债收益率曲线,1,23.3,3.1969
20221125,1001.CB,中债国债收益率曲线,1,23.4,3.1994
20221125,1001.CB,中债国债收益率曲线,1,23.5,3.2018
20221125,1001.CB,中债国债收益率曲线,1,23.6,3.2043
20221125,1001.CB,中债国债收益率曲线,1,23.7,3.2068
20221125,1001.CB,中债国债收益率曲线,1,23.8,3.2094
20221125,1001.CB,中债国债收益率曲线,1,23.9,3.2119
20221125,1001.CB,中债国债收益率曲线,1,24.0,3.2144
20221125,1001.CB,中债国债收益率曲线,1,24.1,3.2169
20221125,1001.CB,中债国债收益率曲线,1,24.2,3.2195
20221125,1001.CB,中债国债收益率曲线,1,24.3,3.222
20221125,1001.CB,中债国债收益率曲线,1,24.4,3.2246
20221125,1001.CB,中债国债收益率曲线,1,24.5,3.2271
20221125,1001.CB,中债国债收益率曲线,1,24.6,3.2297
20221125,1001.CB,中债国债收益率曲线,1,24.7,3.2322
20221125,1001.CB,中债国债收益率曲线,1,24.8,3.2348
20221125,1001.CB,中债国债收益率曲线,1,24.9,3.2374
20221125,1001.CB,中债国债收益率曲线,1,25.0,3.24
20221125,1001.CB,中债国债收益率曲线,1,25.1,3.2425
20221125,1001.CB,中债国债收益率曲线,1,25.2,3.2451
20221125,1001.CB,中债国债收益率曲线,1,25.3,3.2477
20221125,1001.CB,中债国债收益率曲线,1,25.4,3.2503
20221125,1001.CB,中债国债收益率曲线,1,25.5,3.2529
20221125,1001.CB,中债国债收益率曲线,1,25.6,3.2554
20221125,1001.CB,中债国债收益率曲线,1,25.7,3.258
20221125,1001.CB,中债国债收益率曲线,1,25.8,3.2606
20221125,1001.CB,中债国债收益率曲线,1,25.9,3.2632
20221125,1001.CB,中债国债收益率曲线,1,26.0,3.2657
20221125,1001.CB,中债国债收益率曲线,1,26.1,3.2683
20221125,1001.CB,中债国债收益率曲线,1,26.2,3.2709
20221125,1001.CB,中债国债收益率曲线,1,26.3,3.2735
20221125,1001.CB,中债国债收益率曲线,1,26.4,3.276
20221125,1001.CB,中债国债收益率曲线,1,26.5,3.2786
20221125,1001.CB,中债国债收益率曲线,1,26.6,3.2811
20221125,1001.CB,中债国债收益率曲线,1,26.7,3.2837
20221125,1001.CB,中债国债收益率曲线,1,26.8,3.2862
20221125,1001.CB,中债国债收益率曲线,1,26.9,3.2888
20221125,1001.CB,中债国债收益率曲线,1,27.0,3.2913
20221125,1001.CB,中债国债收益率曲线,1,27.1,3.2938
20221125,1001.CB,中债国债收益率曲线,1,27.2,3.2963
20221125,1001.CB,中债国债收益率曲线,1,27.3,3.2988
20221125,1001.CB,中债国债收益率曲线,1,27.4,3.3013
20221125,1001.CB,中债国债收益率曲线,1,27.5,3.3038
20221125,1001.CB,中债国债收益率曲线,1,27.6,3.3063
20221125,1001.CB,中债国债收益率曲线,1,27.7,3.3088
20221125,1001.CB,中债国债收益率曲线,1,27.8,3.3112
20221125,1001.CB,中债国债收益率曲线,1,27.9,3.3137
20221125,1001.CB,中债国债收益率曲线,1,28.0,3.3161
20221125,1001.CB,中债国债收益率曲线,1,28.1,3.3186
20221125,1001.CB,中债国债收益率曲线,1,28.2,3.321
20221125,1001.CB,中债国债收益率曲线,1,28.3,3.3233
20221125,1001.CB,中债国债收益率曲线,1,28.4,3.3257
20221125,1001.CB,中债国债收益率曲线,1,28.5,3.3281
20221125,1001.CB,中债国债收益率曲线,1,28.6,3.3305
20221125,1001.CB,中债国债收益率曲线,1,28.7,3.3328
20221125,1001.CB,中债国债收益率曲线,1,28.8,3.3351
20221125,1001.CB,中债国债收益率曲线,1,28.9,3.3374
20221125,1001.CB,中债国债收益率曲线,1,29.0,3.3397
20221125,1001.CB,中债国债收益率曲线,1,29.1,3.342
20221125,1001.CB,中债国债收益率曲线,1,29.2,3.3443
20221125,1001.CB,中债国债收益率曲线,1,29.3,3.3465
20221125,1001.CB,中债国债收益率曲线,1,29.4,3.3487
20221125,1001.CB,中债国债收益率曲线,1,29.5,3.3509
20221125,1001.CB,中债国债收益率曲线,1,29.6,3.3531
20221125,1001.CB,中债国债收益率曲线,1,29.7,3.3552
20221125,1001.CB,中债国债收益率曲线,1,29.8,3.3573
20221125,1001.CB,中债国债收益率曲线,1,29.9,3.3594
20221125,1001.CB,中债国债收益率曲线,1,30.0,3.3615
20221125,1001.CB,中债国债收益率曲线,1,30.1,3.3636
20221125,1001.CB,中债国债收益率曲线,1,30.2,3.3655
20221125,1001.CB,中债国债收益率曲线,1,30.3,3.3673
20221125,1001.CB,中债国债收益率曲线,1,30.4,3.3692
20221125,1001.CB,中债国债收益率曲线,1,30.5,3.371
20221125,1001.CB,中债国债收益率曲线,1,30.6,3.3729
20221125,1001.CB,中债国债收益率曲线,1,30.7,3.3745
20221125,1001.CB,中债国债收益率曲线,1,30.8,3.3761
20221125,1001.CB,中债国债收益率曲线,1,30.9,3.3777
20221125,1001.CB,中债国债收益率曲线,1,31.0,3.3793
20221125,1001.CB,中债国债收益率曲线,1,31.1,3.3808
20221125,1001.CB,中债国债收益率曲线,1,31.2,3.3823
20221125,1001.CB,中债国债收益率曲线,1,31.3,3.3836
20221125,1001.CB,中债国债收益率曲线,1,31.4,3.3849
20221125,1001.CB,中债国债收益率曲线,1,31.5,3.3863
20221125,1001.CB,中债国债收益率曲线,1,31.6,3.3876
20221125,1001.CB,中债国债收益率曲线,1,31.7,3.3888
20221125,1001.CB,中债国债收益率曲线,1,31.8,3.3899
20221125,1001.CB,中债国债收益率曲线,1,31.9,3.391
20221125,1001.CB,中债国债收益率曲线,1,32.0,3.3921
20221125,1001.CB,中债国债收益率曲线,1,32.1,3.3932
20221125,1001.CB,中债国债收益率曲线,1,32.2,3.3942
20221125,1001.CB,中债国债收益率曲线,1,32.3,3.3951
20221125,1001.CB,中债国债收益率曲线,1,32.4,3.396
20221125,1001.CB,中债国债收益率曲线,1,32.5,3.397
20221125,1001.CB,中债国债收益率曲线,1,32.6,3.3979
20221125,1001.CB,中债国债收益率曲线,1,32.7,3.3987
20221125,1001.CB,中债国债收益率曲线,1,32.8,3.3994
20221125,1001.CB,中债国债收益率曲线,1,32.9,3.4001
20221125,1001.CB,中债国债收益率曲线,1,33.0,3.4008
20221125,1001.CB,中债国债收益率曲线,1,33.1,3.4016
20221125,1001.CB,中债国债收益率曲线,1,33.2,3.4022
20221125,1001.CB,中债国债收益率曲线,1,33.3,3.4027
20221125,1001.CB,中债国债收益率曲线,1,33.4,3.4033
20221125,1001.CB,中债国债收益率曲线,1,33.5,3.4039
20221125,1001.CB,中债国债收益率曲线,1,33.6,3.4044
20221125,1001.CB,中债国债收益率曲线,1,33.7,3.4049
20221125,1001.CB,中债国债收益率曲线,1,33.8,3.4053
20221125,1001.CB,中债国债收益率曲线,1,33.9,3.4057
20221125,1001.CB,中债国债收益率曲线,1,34.0,3.4061
20221125,1001.CB,中债国债收益率曲线,1,34.1,3.4065
20221125,1001.CB,中债国债收益率曲线,1,34.2,3.4069
20221125,1001.CB,中债国债收益率曲线,1,34.3,3.4072
20221125,1001.CB,中债国债收益率曲线,1,34.4,3.4075
20221125,1001.CB,中债国债收益率曲线,1,34.5,3.4078
20221125,1001.CB,中债国债收益率曲线,1,34.6,3.4081
20221125,1001.CB,中债国债收益率曲线,1,34.7,3.4083
20221125,1001.CB,中债国债收益率曲线,1,34.8,3.4085
20221125,1001.CB,中债国债收益率曲线,1,34.9,3.4087
20221125,1001.CB,中债国债收益率曲线,1,35.0,3.4089
20221125,1001.CB,中债国债收益率曲线,1,35.1,3.409
20221125,1001.CB,中债国债收益率曲线,1,35.2,3.4092
20221125,1001.CB,中债国债收益率曲线,1,35.3,3.4093
20221125,1001.CB,中债国债收益率曲线,1,35.4,3.4094
20221125,1001.CB,中债国债收益率曲线,1,35.5,3.4095
20221125,1001.CB,中债国债收益率曲线,1,35.6,3.4096
20221125,1001.CB,中债国债收益率曲线,1,35.7,3.4097
20221125,1001.CB,中债国债收益率曲线,1,35.8,3.4098
20221125,1001.CB,中债国债收益率曲线,1,35.9,3.4098
20221125,1001.CB,中债国债收益率曲线,1,36.0,3.4099
20221125,1001.CB,中债国债收益率曲线,1,36.1,3.4099
20221125,1001.CB,中债国债收益率曲线,1,36.2,3.41
20221125,1001.CB,中债国债收益率曲线,1,36.3,3.41
20221125,1001.CB,中债国债收益率曲线,1,36.4,3.41
20221125,1001.CB,中债国债收益率曲线,1,36.5,3.4101
20221125,1001.CB,中债国债收益率曲线,1,36.6,3.4101
20221125,1001.CB,中债国债收益率曲线,1,36.7,3.4101
20221125,1001.CB,中债国债收益率曲线,1,36.8,3.4101
20221125,1001.CB,中债国债收益率曲线,1,36.9,3.4101
20221125,1001.CB,中债国债收益率曲线,1,37.0,3.4101
20221125,1001.CB,中债国债收益率曲线,1,37.1,3.4102
20221125,1001.CB,中债国债收益率曲线,1,37.2,3.4102
20221125,1001.CB,中债国债收益率曲线,1,37.3,3.4102
20221125,1001.CB,中债国债收益率曲线,1,37.4,3.4103
20221125,1001.CB,中债国债收益率曲线,1,37.5,3.4103
20221125,1001.CB,中债国债收益率曲线,1,37.6,3.4103
20221125,1001.CB,中债国债收益率曲线,1,37.7,3.4104
20221125,1001.CB,中债国债收益率曲线,1,37.8,3.4105
20221125,1001.CB,中债国债收益率曲线,1,37.9,3.4105
20221125,1001.CB,中债国债收益率曲线,1,38.0,3.4106
20221125,1001.CB,中债国债收益率曲线,1,38.1,3.4107
20221125,1001.CB,中债国债收益率曲线,1,38.2,3.4108
20221125,1001.CB,中债国债收益率曲线,1,38.3,3.4109
20221125,1001.CB,中债国债收益率曲线,1,38.4,3.4111
20221125,1001.CB,中债国债收益率曲线,1,38.5,3.4112
20221125,1001.CB,中债国债收益率曲线,1,38.6,3.4114
20221125,1001.CB,中债国债收益率曲线,1,38.7,3.4116
20221125,1001.CB,中债国债收益率曲线,1,38.8,3.4118
20221125,1001.CB,中债国债收益率曲线,1,38.9,3.4121
20221125,1001.CB,中债国债收益率曲线,1,39.0,3.4123
20221125,1001.CB,中债国债收益率曲线,1,39.1,3.4125
20221125,1001.CB,中债国债收益率曲线,1,39.2,3.4128
20221125,1001.CB,中债国债收益率曲线,1,39.3,3.4132
20221125,1001.CB,中债国债收益率曲线,1,39.4,3.4136
20221125,1001.CB,中债国债收益率曲线,1,39.5,3.4139
20221125,1001.CB,中债国债收益率曲线,1,39.6,3.4143
20221125,1001.CB,中债国债收益率曲线,1,39.7,3.4147
20221125,1001.CB,中债国债收益率曲线,1,39.8,3.4152
20221125,1001.CB,中债国债收益率曲线,1,39.9,3.4158
20221125,1001.CB,中债国债收益率曲线,1,40.0,3.4162
20221125,1001.CB,中债国债收益率曲线,1,40.1,3.4167
20221125,1001.CB,中债国债收益率曲线,1,40.2,3.4173
20221125,1001.CB,中债国债收益率曲线,1,40.3,3.4178
20221125,1001.CB,中债国债收益率曲线,1,40.4,3.4184
20221125,1001.CB,中债国债收益率曲线,1,40.5,3.4189
20221125,1001.CB,中债国债收益率曲线,1,40.6,3.4195
20221125,1001.CB,中债国债收益率曲线,1,40.7,3.42
20221125,1001.CB,中债国债收益率曲线,1,40.8,3.4205
20221125,1001.CB,中债国债收益率曲线,1,40.9,3.421
20221125,1001.CB,中债国债收益率曲线,1,41.0,3.4215
20221125,1001.CB,中债国债收益率曲线,1,41.1,3.4221
20221125,1001.CB,中债国债收益率曲线,1,41.2,3.4226
20221125,1001.CB,中债国债收益率曲线,1,41.3,3.4231
20221125,1001.CB,中债国债收益率曲线,1,41.4,3.4236
20221125,1001.CB,中债国债收益率曲线,1,41.5,3.4241
20221125,1001.CB,中债国债收益率曲线,1,41.6,3.4246
20221125,1001.CB,中债国债收益率曲线,1,41.7,3.4251
20221125,1001.CB,中债国债收益率曲线,1,41.8,3.4255
20221125,1001.CB,中债国债收益率曲线,1,41.9,3.426
20221125,1001.CB,中债国债收益率曲线,1,42.0,3.4265
20221125,1001.CB,中债国债收益率曲线,1,42.1,3.427
20221125,1001.CB,中债国债收益率曲线,1,42.2,3.4275
20221125,1001.CB,中债国债收益率曲线,1,42.3,3.428
20221125,1001.CB,中债国债收益率曲线,1,42.4,3.4284
20221125,1001.CB,中债国债收益率曲线,1,42.5,3.4289
20221125,1001.CB,中债国债收益率曲线,1,42.6,3.4294
20221125,1001.CB,中债国债收益率曲线,1,42.7,3.4298
20221125,1001.CB,中债国债收益率曲线,1,42.8,3.4303
20221125,1001.CB,中债国债收益率曲线,1,42.9,3.4308
20221125,1001.CB,中债国债收益率曲线,1,43.0,3.4312
20221125,1001.CB,中债国债收益率曲线,1,43.1,3.4317
20221125,1001.CB,中债国债收益率曲线,1,43.2,3.4322
20221125,1001.CB,中债国债收益率曲线,1,43.3,3.4326
20221125,1001.CB,中债国债收益率曲线,1,43.4,3.4331
20221125,1001.CB,中债国债收益率曲线,1,43.5,3.4335
20221125,1001.CB,中债国债收益率曲线,1,43.6,3.434
20221125,1001.CB,中债国债收益率曲线,1,43.7,3.4344
20221125,1001.CB,中债国债收益率曲线,1,43.8,3.4349
20221125,1001.CB,中债国债收益率曲线,1,43.9,3.4353
20221125,1001.CB,中债国债收益率曲线,1,44.0,3.4358
20221125,1001.CB,中债国债收益率曲线,1,44.1,3.4362
20221125,1001.CB,中债国债收益率曲线,1,44.2,3.4367
20221125,1001.CB,中债国债收益率曲线,1,44.3,3.4371
20221125,1001.CB,中债国债收益率曲线,1,44.4,3.4376
20221125,1001.CB,中债国债收益率曲线,1,44.5,3.438
20221125,1001.CB,中债国债收益率曲线,1,44.6,3.4385
20221125,1001.CB,中债国债收益率曲线,1,44.7,3.4389
20221125,1001.CB,中债国债收益率曲线,1,44.8,3.4394
20221125,1001.CB,中债国债收益率曲线,1,44.9,3.4398
20221125,1001.CB,中债国债收益率曲线,1,45.0,3.4403
20221125,1001.CB,中债国债收益率曲线,1,45.1,3.4407
20221125,1001.CB,中债国债收益率曲线,1,45.2,3.4412
20221125,1001.CB,中债国债收益率曲线,1,45.3,3.4416
20221125,1001.CB,中债国债收益率曲线,1,45.4,3.4421
20221125,1001.CB,中债国债收益率曲线,1,45.5,3.4425
20221125,1001.CB,中债国债收益率曲线,1,45.6,3.443
20221125,1001.CB,中债国债收益率曲线,1,45.7,3.4434
20221125,1001.CB,中债国债收益率曲线,1,45.8,3.4439
20221125,1001.CB,中债国债收益率曲线,1,45.9,3.4443
20221125,1001.CB,中债国债收益率曲线,1,46.0,3.4448
20221125,1001.CB,中债国债收益率曲线,1,46.1,3.4452
20221125,1001.CB,中债国债收益率曲线,1,46.2,3.4457
20221125,1001.CB,中债国债收益率曲线,1,46.3,3.4462
20221125,1001.CB,中债国债收益率曲线,1,46.4,3.4466
20221125,1001.CB,中债国债收益率曲线,1,46.5,3.4471
20221125,1001.CB,中债国债收益率曲线,1,46.6,3.4476
20221125,1001.CB,中债国债收益率曲线,1,46.7,3.448
20221125,1001.CB,中债国债收益率曲线,1,46.8,3.4485
20221125,1001.CB,中债国债收益率曲线,1,46.9,3.449
20221125,1001.CB,中债国债收益率曲线,1,47.0,3.4494
20221125,1001.CB,中债国债收益率曲线,1,47.1,3.4499
20221125,1001.CB,中债国债收益率曲线,1,47.2,3.4504
20221125,1001.CB,中债国债收益率曲线,1,47.3,3.4509
20221125,1001.CB,中债国债收益率曲线,1,47.4,3.4514
20221125,1001.CB,中债国债收益率曲线,1,47.5,3.4518
20221125,1001.CB,中债国债收益率曲线,1,47.6,3.4523
20221125,1001.CB,中债国债收益率曲线,1,47.7,3.4528
20221125,1001.CB,中债国债收益率曲线,1,47.8,3.4533
20221125,1001.CB,中债国债收益率曲线,1,47.9,3.4538
20221125,1001.CB,中债国债收益率曲线,1,48.0,3.4543
20221125,1001.CB,中债国债收益率曲线,1,48.1,3.4548
20221125,1001.CB,中债国债收益率曲线,1,48.2,3.4553
20221125,1001.CB,中债国债收益率曲线,1,48.3,3.4558
20221125,1001.CB,中债国债收益率曲线,1,48.4,3.4564
20221125,1001.CB,中债国债收益率曲线,1,48.5,3.4569
20221125,1001.CB,中债国债收益率曲线,1,48.6,3.4574
20221125,1001.CB,中债国债收益率曲线,1,48.7,3.4579
20221125,1001.CB,中债国债收益率曲线,1,48.8,3.4585
20221125,1001.CB,中债国债收益率曲线,1,48.9,3.459
20221125,1001.CB,中债国债收益率曲线,1,49.0,3.4596
20221125,1001.CB,中债国债收益率曲线,1,49.1,3.4601
20221125,1001.CB,中债国债收益率曲线,1,49.2,3.4606
20221125,1001.CB,中债国债收益率曲线,1,49.3,3.4612
20221125,1001.CB,中债国债收益率曲线,1,49.4,3.4618
20221125,1001.CB,中债国债收益率曲线,1,49.5,3.4623
20221125,1001.CB,中债国债收益率曲线,1,49.6,3.4629
20221125,1001.CB,中债国债收益率曲线,1,49.7,3.4635
20221125,1001.CB,中债国债收益率曲线,1,49.8,3.4641
20221125,1001.CB,中债国债收益率曲线,1,49.9,3.4647
20221125,1001.CB,中债国债收益率曲线,1,50.0,3.4653
