sell_date,buy_date,etf_code,etf_name,theme,style,shares,sell_price,cost,proceeds,pnl,pnl_pct,holding_days,exit_type
2021-05-06,2021-04-06,510880.SH,红利ETF,红利,stable_value,55193.34046908046,2.798,151551.17130350217,154384.6373424974,2833.4660389952187,0.01869643114351661,30,take_profit
2021-05-17,2021-05-06,159995.SZ,芯片ETF,芯片,growth,166242.57240933954,1.19,201213.85866908543,197769.3125687639,-3444.546100321517,-0.01711883129276094,11,stop_loss_or_rebalance
2021-05-31,2021-04-06,510880.SH,红利ETF,红利,stable_value,74320.11779436532,2.815,204069.92596253645,209148.36825166104,5078.442289124592,0.024885794735167898,55,take_profit
2021-06-15,2021-05-17,512010.SH,医药ETF,医药,growth,11530.290460992246,3.219,38188.24475386023,37104.87019243586,-1083.3745614243671,-0.028369320674652247,29,stop_loss_or_rebalance
2021-06-15,2021-04-19,515210.SH,钢铁ETF,钢铁,cyclical_value,32293.532646608415,1.554,50716.05650905177,50169.09448790963,-546.9620211421425,-0.010784790040694924,57,stop_loss_or_rebalance
2021-06-15,2021-05-06,515210.SH,钢铁ETF,钢铁,cyclical_value,28984.145355074947,1.554,48070.129712613874,45027.84947322193,-3042.280239391941,-0.06328837175144192,40,stop_loss_or_rebalance
2021-06-15,2021-05-31,515210.SH,钢铁ETF,钢铁,cyclical_value,35766.90731327656,1.554,55777.336683948575,55565.09943264233,-212.2372513062437,-0.0038050804130151427,15,stop_loss_or_rebalance
2021-06-28,2021-05-17,512010.SH,医药ETF,医药,growth,64977.92731104757,0.836,215206.45990207655,54305.25076786616,-160901.2091342104,-0.7476597552295773,42,stop_loss_or_rebalance
2021-06-28,2021-05-31,512010.SH,医药ETF,医药,growth,13036.720904921305,0.836,42981.92281225141,10895.429066911258,-32086.49374534015,-0.746511362125343,28,stop_loss_or_rebalance
2021-06-28,2021-04-06,510880.SH,红利ETF,红利,stable_value,93875.85456455489,2.859,257766.52754593708,268310.55087960244,10544.023333665362,0.04090532403120607,83,take_profit
2021-07-12,2021-06-28,515030.SH,新能源车ETF,新能源车,growth,69116.03290521704,2.462,142352.60472536745,170112.62391074057,27760.019185373123,0.19500886013943267,14,take_profit
2021-07-12,2021-06-15,515220.SH,煤炭ETF,煤炭,cyclical_value,30066.325013343918,1.589,50225.826001116024,47761.05782906962,-2464.7681720464025,-0.049073720997473196,27,stop_loss_or_rebalance
2021-07-12,2021-06-28,515220.SH,煤炭ETF,煤炭,cyclical_value,17916.29617980016,1.589,29660.36561862253,28460.453931313546,-1199.9116873089843,-0.040455053816181176,14,stop_loss_or_rebalance
2021-08-09,2021-04-06,510880.SH,红利ETF,红利,stable_value,31543.291907882754,2.801,86612.31218802431,88326.2548057894,1713.9426177650894,0.019788671777337362,125,take_profit
2021-08-09,2021-06-15,510880.SH,红利ETF,红利,stable_value,69028.33161051417,2.801,196168.32295250244,193290.35233399787,-2877.970618504565,-0.01467092431228766,55,stop_loss_or_rebalance
2021-08-09,2021-07-12,510880.SH,红利ETF,红利,stable_value,107707.53099981573,2.801,304472.7970502609,301598.2876921847,-2874.509358076204,-0.009440939834114948,28,stop_loss_or_rebalance
2021-09-22,2021-06-28,515220.SH,煤炭ETF,煤炭,cyclical_value,8159.11806766851,2.573,13507.39140411198,20987.112764874644,7479.721360762664,0.5537502495474924,86,take_profit
2021-10-08,2021-06-28,515220.SH,煤炭ETF,煤炭,cyclical_value,18303.537354241264,2.226,30301.442027565674,40731.451048295894,10430.00902073022,0.3442083387068472,102,take_profit
2021-10-18,2021-08-23,510880.SH,红利ETF,红利,stable_value,45142.80188894188,3.097,130682.4616471978,139765.315272818,9082.853625620206,0.0695032333423677,56,take_profit
2021-10-18,2021-10-08,512000.SH,券商ETF,证券,cyclical_value,39849.41546357407,1.082,44644.73472279873,43104.13241132767,-1540.6023114710551,-0.03450804044500943,10,stop_loss_or_rebalance
2021-11-01,2021-08-23,510880.SH,红利ETF,红利,stable_value,158912.85336269904,2.849,460031.76577094046,452606.8964145605,-7424.869356379961,-0.016139905782238874,70,stop_loss_or_rebalance
2021-11-01,2021-10-18,515790.SH,光伏ETF,光伏,growth,148291.0135825991,1.864,262850.50757118606,276331.52498316934,13481.01741198328,0.051287773938699,14,take_profit
2021-11-15,2021-11-01,512800.SH,银行ETF,银行,stable_value,512268.98189367465,1.166,608245.7004922442,597126.4411981582,-11119.25929408602,-0.018280867887906758,14,stop_loss_or_rebalance
2021-11-29,2021-11-15,515030.SH,新能源车ETF,新能源车,growth,16886.694832907822,2.688,42888.18077620719,45377.81828014298,2489.637503935788,0.058049501258326835,14,take_profit
2021-11-29,2021-11-15,159928.SZ,消费ETF,消费,stable_value,24856.97549904989,1.182,29041.657267105136,29372.130756365008,330.4734892598717,0.01137929169194459,14,take_profit
2021-12-13,2021-11-15,159928.SZ,消费ETF,消费,stable_value,236378.52129299205,1.241,276172.9399040757,293257.7412011258,17084.801297050086,0.06186269119264263,28,take_profit
2021-12-27,2021-12-13,512660.SH,军工ETF,军工,growth,170416.78772554034,1.383,243257.7115111714,235615.711499195,-7642.000011976401,-0.03141524256107889,14,stop_loss_or_rebalance
2022-01-10,2021-11-15,159928.SZ,消费ETF,消费,stable_value,252680.9882512298,1.185,295219.9336957196,299337.14298638405,4117.209290664468,0.01394624420892946,56,take_profit
2022-01-10,2021-12-27,159928.SZ,消费ETF,消费,stable_value,247743.8403572798,1.185,307294.5227516399,293488.37788812956,-13806.14486351033,-0.044928053841912,14,stop_loss_or_rebalance
2022-01-10,2021-12-13,512660.SH,军工ETF,军工,growth,32053.453973746247,1.323,45754.00090418206,42393.997591384104,-3360.003312797955,-0.07343627325257232,28,stop_loss_or_rebalance
2022-01-24,2022-01-10,512200.SH,地产ETF,地产,cyclical_value,50574.49827265922,0.837,42849.45101695344,42318.1557976995,-531.2952192539378,-0.012399113795967425,14,stop_loss_or_rebalance
2022-02-14,2022-01-24,159819.SZ,人工智能ETF,人工智能,growth,42934.08982697356,0.918,43548.22763467656,39401.67041282338,-4146.557221853174,-0.09521758856958293,21,stop_loss_or_rebalance
2022-02-14,2022-01-10,512800.SH,银行ETF,银行,stable_value,187404.79569823673,1.201,219329.39005022706,225005.6376856923,5676.247635465232,0.025880013773645908,35,take_profit
2022-03-14,2022-01-10,512800.SH,银行ETF,银行,stable_value,325169.90559850924,1.097,380562.92418712087,356604.3730256322,-23958.551161488693,-0.06295555777711125,63,stop_loss_or_rebalance
2022-05-09,2022-03-28,510880.SH,红利ETF,红利,stable_value,127286.96136183747,2.784,375227.20953587507,354260.5903612261,-20966.61917464895,-0.05587712895496816,42,stop_loss_or_rebalance
2022-06-20,2022-06-06,159928.SZ,消费ETF,消费,stable_value,128658.36987593237,1.095,131656.9976367937,140838.65073964171,9181.65310284801,0.06973919554339014,14,take_profit
2022-07-04,2022-06-06,159928.SZ,消费ETF,消费,stable_value,427391.95900173066,1.163,437353.14065098803,496907.73126451706,59554.59061352903,0.13617048805202056,28,take_profit
2022-07-18,2022-06-06,515220.SH,煤炭ETF,煤炭,cyclical_value,16449.956230244334,2.448,40643.58130627011,40257.41200378263,-386.16930248748395,-0.009501360118280457,42,stop_loss_or_rebalance
2022-07-18,2022-06-20,515220.SH,煤炭ETF,煤炭,cyclical_value,19614.464428393436,2.448,46284.40274305609,48001.80405803091,1717.4013149748207,0.03710540080875252,28,take_profit
2022-07-18,2022-07-04,515220.SH,煤炭ETF,煤炭,cyclical_value,17933.62688240439,2.448,44470.79827979293,43888.348152543505,-582.4501272494235,-0.013097361634591635,14,stop_loss_or_rebalance
2022-07-18,2022-07-04,510880.SH,红利ETF,红利,stable_value,104918.01032140563,2.917,312224.7200303936,305954.0223567079,-6270.697673685732,-0.020083924402511465,14,stop_loss_or_rebalance
2022-07-18,2022-06-20,515030.SH,新能源车ETF,新能源车,growth,54432.50603761222,2.354,125395.66882304232,128095.67897677541,2700.010153733092,0.021531925138047085,28,take_profit
2022-08-15,2022-06-20,515030.SH,新能源车ETF,新能源车,growth,13690.158692593315,2.26,31537.893999683103,30930.47671766731,-607.4172820157946,-0.019259918941382008,56,stop_loss_or_rebalance
2022-08-15,2022-07-04,515030.SH,新能源车ETF,新能源车,growth,115862.49886591415,2.26,281050.84971776675,261770.69266273483,-19280.157055031916,-0.06860024466886752,42,stop_loss_or_rebalance
2022-08-15,2022-07-18,512400.SH,有色金属ETF,有色,cyclical_value,68642.45543306513,1.314,87133.40812734302,90169.12758311587,3035.719455772851,0.03483990263913736,28,take_profit
2022-08-29,2022-08-15,515790.SH,光伏ETF,光伏,growth,116763.1512135814,1.745,209769.53156546608,203690.57335803923,-6078.958207426855,-0.02897922382750661,14,stop_loss_or_rebalance
2022-09-13,2022-07-18,159928.SZ,消费ETF,消费,stable_value,434986.5271163201,1.05,479063.8424049749,456598.8327160945,-22465.00968888041,-0.046893561359384946,57,stop_loss_or_rebalance
2022-09-13,2022-08-29,159928.SZ,消费ETF,消费,stable_value,114615.93657727982,1.05,122561.19353197246,120310.62938612196,-2250.564145850498,-0.018362779285952324,15,stop_loss_or_rebalance
2022-09-13,2022-08-15,515790.SH,光伏ETF,光伏,growth,48101.66205892978,1.668,86416.50223335525,80209.50224260057,-6206.9999907546735,-0.0718265589365509,29,stop_loss_or_rebalance
2022-09-13,2022-08-29,515220.SH,煤炭ETF,煤炭,cyclical_value,30304.16001182543,2.722,83937.39273846644,82463.17717512316,-1474.2155633432849,-0.017563275618253604,15,stop_loss_or_rebalance
2022-10-31,2022-09-13,510880.SH,红利ETF,红利,stable_value,120111.8224959447,2.747,370656.13589170936,329848.1922434411,-40807.943648268236,-0.11009650103348258,48,stop_loss_or_rebalance
2022-12-12,2022-11-28,512800.SH,银行ETF,银行,stable_value,118133.56790134248,1.068,121477.74019492084,126128.80052347819,4651.060328557345,0.038287346480880724,14,take_profit
2022-12-26,2022-11-28,512010.SH,医药ETF,医药,growth,85603.4678438016,0.463,39132.52104005872,39622.515289996634,489.99424993791763,0.012521407691478045,28,take_profit
2022-12-26,2022-12-12,512010.SH,医药ETF,医药,growth,158143.1906153132,0.463,74824.16967979143,73198.33116571355,-1625.8385140778846,-0.021728787917535585,14,stop_loss_or_rebalance
2022-12-26,2022-12-12,512200.SH,地产ETF,地产,cyclical_value,104943.08866222094,0.726,80515.49640862463,76165.82576406177,-4349.670644562866,-0.05402277621798205,14,stop_loss_or_rebalance
2023-01-09,2022-11-28,512800.SH,银行ETF,银行,stable_value,266006.0613596818,1.102,273536.26734707615,293050.7380144838,19514.470667407673,0.07134143803551564,42,take_profit
2023-03-13,2022-12-12,512010.SH,医药ETF,医药,growth,85223.90256955821,0.477,40322.999187175665,40639.60598522156,316.60679804589745,0.007851767091436769,91,take_profit
2023-03-13,2023-01-09,512010.SH,医药ETF,医药,growth,152862.57300825627,0.477,75689.67373117857,72893.57269074077,-2796.101040437803,-0.03694164477929326,63,stop_loss_or_rebalance
2023-03-13,2023-01-30,512010.SH,医药ETF,医药,growth,555906.6975391025,0.477,293050.718451988,265087.9444777341,-27962.773974253912,-0.09541957147201192,42,stop_loss_or_rebalance
2023-03-13,2022-11-28,512800.SH,银行ETF,银行,stable_value,148633.70465399773,1.053,152841.28701882495,156464.33761335938,3623.050594534434,0.02370465903030635,105,take_profit
2023-03-13,2022-12-26,512800.SH,银行ETF,银行,stable_value,112446.08589221147,1.053,117878.85106444215,118370.20672596531,491.3556615231646,0.00416831057552936,77,take_profit
2023-03-13,2022-12-26,512000.SH,券商ETF,证券,cyclical_value,47814.33853289518,0.863,39458.66333842541,41251.39502164237,1792.73168321696,0.045433157931408494,77,take_profit
2023-03-13,2023-01-09,512000.SH,券商ETF,证券,cyclical_value,95201.47222698489,0.863,82088.28816037887,82134.22287072838,45.93471034950926,0.0005595769065102801,63,take_profit
2023-03-27,2023-03-13,510880.SH,红利ETF,红利,stable_value,50317.60746855611,2.873,146468.16500481832,144519.11751128457,-1949.0474935337552,-0.013306970108280103,14,stop_loss_or_rebalance
2023-03-27,2023-03-13,515210.SH,钢铁ETF,钢铁,cyclical_value,55607.824749609616,1.319,77707.43641455719,73324.71682848167,-4382.719586075516,-0.05640025959284493,14,stop_loss_or_rebalance
2023-04-10,2023-03-13,159819.SZ,人工智能ETF,人工智能,growth,234553.53615701888,0.964,194268.59103639302,226041.7759727096,31773.184936316597,0.16355286650719783,28,take_profit
2023-04-10,2023-03-27,159819.SZ,人工智能ETF,人工智能,growth,161061.81744355624,0.964,150799.0872855068,155217.01293798353,4417.925652476726,0.02929676652559773,14,take_profit
2023-04-24,2023-04-10,512480.SH,半导体ETF,半导体,growth,181336.60287106055,0.993,192637.24609074104,180013.22647696783,-12624.019613773213,-0.06553260010697369,14,stop_loss_or_rebalance
2023-05-08,2023-04-10,512480.SH,半导体ETF,半导体,growth,198320.7969980499,0.924,210679.87141785253,183193.44190127027,-27486.429516582255,-0.130465380159963,28,stop_loss_or_rebalance
2023-05-08,2023-03-13,510880.SH,红利ETF,红利,stable_value,57563.84377313972,3.249,167561.03861545058,186968.8209404053,19407.782324954722,0.11582514936240766,56,take_profit
2023-05-22,2023-05-08,512000.SH,券商ETF,证券,cyclical_value,130638.9194225261,0.887,121791.99954366488,115841.95851132231,-5950.04103234256,-0.04885412058785808,14,stop_loss_or_rebalance
2023-07-31,2023-03-13,510880.SH,红利ETF,红利,stable_value,38944.226237213275,3.106,113361.69665979574,120924.47846277659,7562.781802980855,0.06671373158499164,140,take_profit
2023-07-31,2023-04-24,510880.SH,红利ETF,红利,stable_value,2173.372724117544,3.106,6493.811886237185,6748.470532404759,254.65864616757426,0.039215587181897146,98,take_profit
2023-08-14,2023-07-31,515210.SH,钢铁ETF,钢铁,cyclical_value,29197.07258412843,1.313,39661.519456617185,38324.255576069736,-1337.263880547449,-0.03371690996382989,14,stop_loss_or_rebalance
2023-08-28,2023-07-31,515210.SH,钢铁ETF,钢铁,cyclical_value,29951.534255923645,1.286,40686.385774600174,38506.11775120188,-2180.2680233982974,-0.05358716390973715,28,stop_loss_or_rebalance
2023-10-16,2023-08-28,512000.SH,券商ETF,证券,cyclical_value,40508.2623646699,0.89,39750.5269613551,36041.53779850484,-3708.989162850259,-0.09330666651176941,49,stop_loss_or_rebalance
2023-10-16,2023-04-24,510880.SH,红利ETF,红利,stable_value,46349.73186196052,3.075,138488.18306639759,142482.66784788592,3994.4847814883396,0.02884350630532282,175,take_profit
2023-10-16,2023-05-22,510880.SH,红利ETF,红利,stable_value,20512.16674540103,3.075,62745.02376920859,63055.99026828554,310.96649907695246,0.00495603444538905,147,take_profit
2023-10-30,2023-05-22,510880.SH,红利ETF,红利,stable_value,8148.707482139653,2.974,24926.22310462717,24226.985775067762,-699.237329559408,-0.028052277580296762,161,stop_loss_or_rebalance
2023-10-30,2023-07-17,510880.SH,红利ETF,红利,stable_value,67266.76626848728,2.974,200178.66523764428,199991.34747361642,-187.31776402785908,-0.0009357528875791172,105,stop_loss_or_rebalance
2023-10-30,2023-08-14,510880.SH,红利ETF,红利,stable_value,40867.08462669987,2.974,122883.31032477616,121502.24806690146,-1381.0622578746988,-0.01123881065886491,77,stop_loss_or_rebalance
2023-11-27,2023-11-13,515220.SH,煤炭ETF,煤炭,cyclical_value,17333.67075171982,2.345,39133.83151509762,40635.26367540914,1501.432160311524,0.03836660255800099,14,take_profit
2023-11-27,2023-11-13,512010.SH,医药ETF,医药,growth,89935.8503140957,0.43,39133.83151509762,38660.813910370634,-473.01760472698516,-0.012087178444167868,14,stop_loss_or_rebalance
2024-01-22,2024-01-08,510880.SH,红利ETF,红利,stable_value,116935.82145729111,2.881,352667.2701442408,336791.03398797015,-15876.236156270665,-0.0450176058293623,14,stop_loss_or_rebalance
2024-03-11,2024-01-22,512800.SH,银行ETF,银行,stable_value,241328.99816159377,1.164,257092.48765701,280822.6817739371,23730.194116927072,0.09230216850437806,49,take_profit
2024-04-22,2024-03-11,159819.SZ,人工智能ETF,人工智能,growth,154190.49606130944,0.693,119379.24698463893,106821.95756635627,-12557.289418282657,-0.105188210978567,42,stop_loss_or_rebalance
2024-04-22,2024-03-25,159819.SZ,人工智能ETF,人工智能,growth,366978.3604056403,0.693,280822.66724402795,254239.70895998037,-26582.958284047578,-0.09466101346066785,28,stop_loss_or_rebalance
2024-04-22,2024-01-22,512800.SH,银行ETF,银行,stable_value,13502.566452335037,1.204,14384.547341718333,16252.2128816088,1867.6655398904677,0.12983832549765603,91,take_profit
2024-06-17,2024-03-11,512400.SH,有色金属ETF,有色,cyclical_value,120290.4153068854,1.003,120085.84942661451,120615.09116684021,529.2417402256979,0.004407194875605406,98,take_profit
2024-07-01,2024-04-22,512660.SH,军工ETF,军工,growth,405565.58796948195,0.879,361061.6593048267,356385.2041796271,-4676.455125199573,-0.012951957109495999,70,stop_loss_or_rebalance
2024-07-01,2024-05-06,512660.SH,军工ETF,军工,growth,18072.713797049946,0.879,16252.243914458968,15881.14965297862,-371.094261480348,-0.022833416938211244,56,stop_loss_or_rebalance
2024-07-29,2024-01-22,512800.SH,银行ETF,银行,stable_value,69548.53445168657,1.283,74091.4099478035,89204.00047060341,15112.590522799903,0.20397223555937913,189,take_profit
2024-07-29,2024-02-26,512800.SH,银行ETF,银行,stable_value,157670.84114649202,1.283,182795.32704025088,202231.00168419193,19435.67464394105,0.10632478936215575,154,take_profit
2024-07-29,2024-07-01,512800.SH,银行ETF,银行,stable_value,205007.19712298157,1.283,259001.76719331558,262945.32663861266,3943.5594452970836,0.015225994355295891,28,take_profit
2024-08-12,2024-07-01,159995.SZ,芯片ETF,芯片,growth,46029.35300433558,0.84,38998.55805327064,38653.05712668479,-345.5009265858462,-0.008859325673372442,42,stop_loss_or_rebalance
2024-10-21,2024-10-08,515790.SH,光伏ETF,光伏,growth,436628.67670926487,0.8,393957.2181116745,349198.1504850017,-44759.0676266728,-0.11361403109000788,13,stop_loss_or_rebalance
2024-11-04,2024-10-21,159819.SZ,人工智能ETF,人工智能,growth,398098.8773656463,0.864,357998.2580189416,343854.24281490524,-14144.015204036376,-0.03950861460138171,14,stop_loss_or_rebalance
2024-11-04,2024-10-21,515210.SH,钢铁ETF,钢铁,cyclical_value,63415.003526962144,1.253,75359.62529728803,79435.16171945778,4075.5364221697528,0.05408116622252392,14,take_profit
2024-11-18,2024-10-08,510880.SH,红利ETF,红利,stable_value,46454.666889786335,3.218,158179.1255986605,149446.27071591702,-8732.854882743472,-0.05520864304750856,41,stop_loss_or_rebalance
2024-12-02,2024-10-21,515210.SH,钢铁ETF,钢铁,cyclical_value,28634.062386279038,1.29,34027.47129473396,36926.85909615646,2899.3878014225047,0.08520726610299749,42,take_profit
2024-12-02,2024-11-18,515210.SH,钢铁ETF,钢铁,cyclical_value,27711.95442799882,1.29,34955.257966066616,35737.69668575484,782.4387196882235,0.022384006447550425,14,take_profit
2024-12-16,2024-11-04,515790.SH,光伏ETF,光伏,growth,202642.46681331433,0.789,179392.38470472212,159836.9408438103,-19555.443860911822,-0.1090093310989754,42,stop_loss_or_rebalance
2024-12-16,2024-11-18,515790.SH,光伏ETF,光伏,growth,87072.533108762,0.789,72553.17950562263,68679.61855422637,-3873.5609513962554,-0.053389265333245214,28,stop_loss_or_rebalance
2024-12-16,2024-12-02,515790.SH,光伏ETF,光伏,growth,48452.854822606125,0.789,41003.41251447876,38217.833664299724,-2785.5788501790375,-0.06793529317091397,14,stop_loss_or_rebalance
2024-12-30,2024-12-02,512400.SH,有色金属ETF,有色,cyclical_value,68687.91437248346,0.996,71525.5700974138,68392.63876617902,-3132.9313312347804,-0.04380155693925829,28,stop_loss_or_rebalance
2024-12-30,2024-12-16,515030.SH,新能源车ETF,新能源车,growth,229636.39100557353,1.222,281159.26507359924,280531.4851078682,-627.7799657310243,-0.002232826883960911,14,stop_loss_or_rebalance
2025-01-13,2024-10-08,510880.SH,红利ETF,红利,stable_value,34534.56532943514,3.124,117590.92707951163,107853.61629452863,-9737.310784982998,-0.08280665036681704,97,stop_loss_or_rebalance
2025-01-13,2024-11-04,510880.SH,红利ETF,红利,stable_value,42755.62989554402,3.124,136388.60804801097,133528.5172173414,-2860.0908306695637,-0.02097015925012422,70,stop_loss_or_rebalance
2025-03-24,2025-03-10,512400.SH,有色金属ETF,有色,cyclical_value,95623.30578980963,1.102,103304.1522040703,105345.26991547609,2041.1177114057937,0.019758331759731254,14,take_profit
2025-03-24,2025-02-24,515030.SH,新能源车ETF,新能源车,growth,177886.37835561708,1.305,237727.49834354938,232072.08123695405,-5655.417106595327,-0.023789494888060703,28,stop_loss_or_rebalance
2025-04-07,2025-02-24,515030.SH,新能源车ETF,新能源车,growth,78572.30308885893,1.125,105004.08870579355,88367.32282267381,-16636.765883119733,-0.1584392197310866,42,stop_loss_or_rebalance
2025-05-19,2025-03-10,159928.SZ,消费ETF,消费,stable_value,297706.0550845805,0.818,239427.47498848912,243450.49599326905,4023.0210047799337,0.01680267064159344,70,take_profit
2025-05-19,2025-03-24,159928.SZ,消费ETF,消费,stable_value,161864.52780664669,0.818,132444.90530096073,132365.4621907132,-79.44311024752096,-0.0005998200539839466,56,stop_loss_or_rebalance
2025-05-19,2025-04-07,159928.SZ,消费ETF,消费,stable_value,91254.34482987825,0.818,73025.37690666177,74623.66025461914,1598.2833479573746,0.021886683994801412,42,take_profit
2025-05-19,2025-05-06,159928.SZ,消费ETF,消费,stable_value,23048.52241601905,0.818,18882.402880677215,18848.03522890269,-34.367651774526166,-0.0018200888939667395,13,stop_loss_or_rebalance
2025-06-16,2025-05-19,510880.SH,红利ETF,红利,stable_value,7109.698318995029,3.131,22167.577939205596,22253.7872971424,86.20935793680474,0.0038889840907848933,28,take_profit
2025-06-30,2025-05-19,510880.SH,红利ETF,红利,stable_value,68147.28050630268,3.152,212478.7978601469,214735.78808741926,2256.9902272723557,0.010622190307937932,42,take_profit
2025-07-28,2025-06-30,512400.SH,有色金属ETF,有色,cyclical_value,88885.37909115199,1.282,101270.81891885756,113916.8706780584,12646.05175920084,0.12487360025530542,28,take_profit
2025-07-28,2025-06-30,515030.SH,新能源车ETF,新能源车,growth,97329.40283396345,1.354,122769.19668672001,131744.47623375535,8975.279547035345,0.07310693389921158,28,take_profit
2025-07-28,2025-07-14,515030.SH,新能源车ETF,新能源车,growth,170238.99952173434,1.354,214735.77981042606,230434.45427082258,15698.67446039652,0.07310693389921182,14,take_profit
2025-08-11,2025-07-28,512480.SH,半导体ETF,半导体,growth,25897.99285058071,1.084,28004.128990559195,28065.002222754483,60.87323219528844,0.002173723461129969,14,take_profit
2025-08-11,2025-07-28,512000.SH,券商ETF,证券,cyclical_value,91192.10459512117,0.581,108095.06273840215,52966.71798593446,-55128.34475246769,-0.5099987303387044,14,stop_loss_or_rebalance
2025-08-25,2025-07-28,512480.SH,半导体ETF,半导体,growth,307320.15067460766,1.33,332312.74680411466,408613.179657109,76300.43285299436,0.22960429170046395,28,take_profit
2025-09-08,2025-08-25,515030.SH,新能源车ETF,新能源车,growth,20951.87335619247,1.66,30158.79068328884,34769.675738348116,4610.885055059276,0.15288693447559865,14,take_profit
2025-09-22,2025-05-19,510880.SH,红利ETF,红利,stable_value,43081.99421763104,3.087,134326.86194914888,132954.2179149821,-1372.6440341667912,-0.010218686078488328,126,stop_loss_or_rebalance
2025-09-22,2025-06-03,510880.SH,红利ETF,红利,stable_value,31885.835333196424,3.087,99960.18699661786,98402.04420147529,-1558.1427951425721,-0.015587633856620252,111,stop_loss_or_rebalance
2025-09-22,2025-09-08,510880.SH,红利ETF,红利,stable_value,11985.614968826027,3.087,37981.81934970722,36988.49353074332,-993.3258189639018,-0.026152665563966955,14,stop_loss_or_rebalance
2025-10-09,2025-08-25,515220.SH,煤炭ETF,煤炭,cyclical_value,100441.60446829765,1.099,111423.1562771487,110352.20771366592,-1070.9485634827724,-0.009611543948898248,45,stop_loss_or_rebalance
2025-10-09,2025-08-25,515030.SH,新能源车ETF,新能源车,growth,18924.547110182328,1.949,27240.59301853984,36872.87713505003,9632.284116510193,0.35360038270659155,45,take_profit
2025-10-20,2025-08-25,515030.SH,新能源车ETF,新能源车,growth,34338.0877708144,1.751,49427.33205469259,60107.95388919001,10680.621834497419,0.21608736281130936,56,take_profit
2025-11-03,2025-10-20,515220.SH,煤炭ETF,煤炭,cyclical_value,66042.0816643047,1.212,80463.38724376325,80018.99007624415,-444.39716751909873,-0.005522973649776894,14,stop_loss_or_rebalance
2025-11-03,2025-08-25,515030.SH,新能源车ETF,新能源车,growth,183811.29522665628,1.865,264583.8051673077,342705.22317803465,78121.41801072692,0.29526152578132053,70,take_profit
2025-11-17,2025-11-03,159819.SZ,人工智能ETF,人工智能,growth,272065.4619697801,1.409,406315.59284129797,383225.23384464555,-23090.358996652416,-0.05682863124987486,14,stop_loss_or_rebalance
2025-11-17,2025-11-03,515210.SH,钢铁ETF,钢铁,cyclical_value,56119.57762352846,1.571,84765.98438019142,88137.40728962923,3371.4229094378097,0.039773299798140045,14,take_profit
2025-12-01,2025-09-22,159928.SZ,消费ETF,消费,stable_value,328055.8058077752,0.827,278602.9349445404,271220.76075760915,-7382.1741869312245,-0.02649711564740244,70,stop_loss_or_rebalance
2025-12-01,2025-10-09,159928.SZ,消费ETF,消费,stable_value,24568.578780510084,0.827,20742.101254897738,20312.119187086395,-429.98206781134286,-0.02072991846521881,53,stop_loss_or_rebalance
2025-12-01,2025-11-17,159928.SZ,消费ETF,消费,stable_value,177609.56594789817,0.827,148703.80446040028,146839.0461056001,-1864.7583548001712,-0.012540085047365113,14,stop_loss_or_rebalance
2025-12-15,2025-11-03,515210.SH,钢铁ETF,钢铁,cyclical_value,25684.302282514822,1.45,38794.93143553137,37231.065638153596,-1563.8657973777736,-0.040311085482302604,42,stop_loss_or_rebalance
2025-12-15,2025-12-01,515790.SH,光伏ETF,光伏,growth,208286.4229333932,0.955,199806.603597002,198853.85984122005,-952.7437557819358,-0.004768329667940121,14,stop_loss_or_rebalance
2025-12-15,2025-12-01,510880.SH,红利ETF,红利,stable_value,135421.47769025358,3.168,439574.5279134044,428886.5367503266,-10687.991163077822,-0.024314400595075752,14,stop_loss_or_rebalance
2025-12-29,2025-12-15,512400.SH,有色金属ETF,有色,cyclical_value,66962.36961789466,1.878,118023.0915753104,125717.60354336342,7694.511968053019,0.06519497045324524,14,take_profit
2026-01-12,2025-12-29,159819.SZ,人工智能ETF,人工智能,growth,12091.74079770624,1.704,18445.436687916965,20598.145021395645,2152.7083334786803,0.11670682401836835,14,take_profit
2026-01-26,2025-12-29,159819.SZ,人工智能ETF,人工智能,growth,246875.18414964006,1.654,376597.6012249495,408209.0551171296,31611.453892180056,0.08393960500374478,28,take_profit
2026-02-09,2025-12-15,561560.SH,电力ETF,电力,stable_value,220243.69783123,1.253,275387.2136757242,275882.5637765164,495.35010079218773,0.001798740377886519,56,take_profit
2026-02-09,2026-01-12,561560.SH,电力ETF,电力,stable_value,14578.657445419623,1.253,18287.120927487176,18261.577661777053,-25.543265710122796,-0.0013967898944512904,28,stop_loss_or_rebalance
2026-03-16,2026-03-02,512480.SH,半导体ETF,半导体,growth,250242.00790252327,1.577,414274.7682355996,394513.2569683404,-19761.511267259193,-0.047701459954763034,14,stop_loss_or_rebalance
2026-04-13,2026-03-02,510880.SH,红利ETF,红利,stable_value,35720.43549782153,3.223,118019.9938288393,115092.42552039593,-2927.5683084433695,-0.024805697860729684,42,stop_loss_or_rebalance
2026-04-27,2026-03-02,510880.SH,红利ETF,红利,stable_value,49865.58686844136,3.275,164755.44523648973,163260.8040550472,-1494.6411814425373,-0.00907187728634481,56,stop_loss_or_rebalance
