trade_date,etf_code,side,price,shares,value,fee
2021-04-06,510880.SH,BUY,2.745,182094.71766848816,499850.0,149.95499999999998
2021-04-12,510880.SH,SELL,2.777,182094.71766848816,505677.03096539166,151.7031092896175
2021-05-17,515220.SH,BUY,1.558,322600.67883319804,502611.85762212257,150.78355728663675
2021-05-24,515220.SH,SELL,1.494,322600.67883319804,481965.41417679784,144.58962425303935
2021-05-24,512010.SH,BUY,3.197,307878.6928878226,984288.1811623687,295.2864543487106
2021-05-31,512010.SH,SELL,3.296,307878.6928878226,1014768.1717582631,304.4304515274789
2021-05-31,515030.SH,BUY,1.892,536025.1008299576,1014159.4907702799,304.24784723108394
2021-06-21,515030.SH,SELL,1.942,536025.1008299576,1040960.7458117777,312.28822374353325
2021-06-21,159995.SZ,BUY,1.433,725984.8948535323,1040336.3543251118,312.1009062975335
2021-06-28,159995.SZ,SELL,1.519,725984.8948535323,1102771.0552825155,330.83131658475463
2021-06-28,515030.SH,BUY,2.059,535264.4903006377,1102109.585529013,330.6328756587039
2021-07-05,515030.SH,SELL,2.138,535264.4903006377,1144395.4802627633,343.318644078829
2021-12-13,159928.SZ,BUY,1.241,921602.7761160849,1143709.0451600614,343.1127135480184
2021-12-20,159928.SZ,SELL,1.195,921602.7761160849,1101315.3174587216,330.39459523761644
2021-12-20,512660.SH,BUY,1.374,801058.7556917312,1100654.7303204387,330.1964190961316
2021-12-27,512660.SH,SELL,1.383,801058.7556917312,1107864.2591216643,332.3592777364993
2022-01-04,512660.SH,BUY,1.443,767290.1866478865,1107199.7393329004,332.15992179987006
2022-01-10,512660.SH,SELL,1.323,767290.1866478865,1015124.9169351539,304.53747508054613
2022-06-27,515030.SH,BUY,2.411,420786.40937130316,1014516.032994212,304.35480989826357
2022-07-18,515030.SH,SELL,2.354,420786.40937130316,990531.2076600477,297.1593622980143
2023-01-09,512800.SH,BUY,1.102,898309.5003536327,989937.0693897033,296.98112081691096
2023-01-30,512800.SH,SELL,1.119,898309.5003536327,1005208.330895715,301.5624992687145
2023-01-30,512000.SH,BUY,0.921,1090776.7485996347,1004605.3854602637,301.3816156380791
2023-02-13,512000.SH,SELL,0.903,1090776.7485996347,984971.4039854702,295.491421195641
2023-02-13,159819.SZ,BUY,0.81,1215284.6916110986,984380.6002049899,295.3141800614969
2023-05-08,159819.SZ,SELL,0.882,1215284.6916110986,1071881.098000989,321.5643294002967
2023-05-08,510880.SH,BUY,3.249,329713.190029468,1071238.1544057415,321.37144632172243
2023-05-15,510880.SH,SELL,3.116,329713.190029468,1027386.3001318222,308.21589003954665
2023-07-31,515210.SH,BUY,1.358,756089.8801383976,1026770.057227944,308.0310171683832
2023-08-07,515210.SH,SELL,1.346,756089.8801383976,1017696.9786662832,305.30909359988493
2023-08-07,512000.SH,BUY,1.02,997143.6710599182,1017086.5444811166,305.12596334433493
2023-08-14,512000.SH,SELL,0.975,997143.6710599182,972215.0792834202,291.66452378502606
2024-03-04,515220.SH,BUY,2.714,358007.34313669725,971631.9292729964,291.4895787818989
2024-03-18,515220.SH,SELL,2.486,358007.34313669725,890006.2550378294,267.00187651134877
2024-03-18,512400.SH,BUY,1.035,859393.64138381,889472.4188322433,266.841725649673
2024-05-20,512400.SH,SELL,1.142,859393.64138381,981427.5384603109,294.42826153809324
2024-05-20,512800.SH,BUY,1.263,776594.4974807847,980838.8503182309,294.25165509546923
2024-05-27,512800.SH,SELL,1.276,776594.4974807847,990934.5787854813,297.28037363564437
2024-05-27,512400.SH,BUY,1.077,919535.9289673339,990340.1954978185,297.1020586493455
2024-06-03,512400.SH,SELL,1.044,919535.9289673339,959995.5098418966,287.99865295256893
2024-06-03,512800.SH,BUY,1.239,774350.0307233292,959419.6880662049,287.82590641986144
2024-07-01,512800.SH,SELL,1.263,774350.0307233292,978004.0888035647,293.4012266410694
2024-07-22,512800.SH,BUY,1.282,762416.1160050096,977417.4607184224,293.2252382155267
2024-07-29,512800.SH,SELL,1.283,762416.1160050096,978179.8768344272,293.4539630503281
2024-09-30,512200.SH,BUY,1.687,579486.1558459318,977593.144912087,293.27794347362607
2024-12-23,512200.SH,SELL,1.516,579486.1558459318,878501.0122624327,263.5503036787298
2024-12-23,512480.SH,BUY,1.034,849104.524858365,877974.0787035493,263.39222361106476
2025-01-06,512480.SH,SELL,0.935,849104.524858365,793912.7307425713,238.17381922277136
2025-01-06,512800.SH,BUY,1.455,545317.2052054561,793436.5335739387,238.03096007218159
2025-02-17,512800.SH,SELL,1.506,545317.2052054561,821247.711039417,246.37431331182506
2025-02-17,159819.SZ,BUY,1.042,787672.848113604,820755.1077343754,246.2265323203126
2025-03-17,159819.SZ,SELL,1.029,787672.848113604,810515.3607088984,243.1546082126695
2025-03-17,512480.SH,BUY,1.111,729099.1883949733,810029.1983068153,243.0087594920446
2025-03-31,512480.SH,SELL,1.049,729099.1883949733,764825.048626327,229.44751458789807
2025-05-19,512800.SH,BUY,1.596,478926.250209294,764366.2953340333,229.30988860020997
2025-06-03,512800.SH,SELL,1.643,478926.250209294,786875.8290938701,236.062748728161
2025-06-30,512800.SH,BUY,1.711,459616.50684290176,786403.843208205,235.92115296246146
2025-07-07,512800.SH,SELL,0.894,459616.50684290176,410897.15711755416,123.26914713526624
2025-07-07,512400.SH,BUY,1.14,360219.935596819,410650.7265803736,123.19521797411207
2025-07-14,512400.SH,SELL,1.173,360219.935596819,422537.98445506865,126.76139533652058
2025-07-14,515210.SH,BUY,1.325,318705.31068028643,422284.53665137955,126.68536099541386
2025-07-21,515210.SH,SELL,1.381,318705.31068028643,440132.03404947557,132.03961021484267
2025-07-21,512660.SH,BUY,1.168,376599.34284806275,439868.0324465373,131.96040973396117
2025-07-28,512660.SH,SELL,1.192,376599.34284806275,448906.4166748908,134.67192500246722
2025-07-28,512400.SH,BUY,1.282,349950.9772344667,448637.1528145863,134.5911458443759
2025-08-25,512400.SH,SELL,1.446,349950.9772344667,506029.1130810388,151.80873392431164
2025-08-25,159819.SZ,BUY,1.378,366999.69632304367,505725.5815331541,151.7176744599462
2025-09-29,159819.SZ,SELL,1.535,366999.69632304367,563344.533855872,169.00336015676157
2025-09-29,515030.SH,BUY,1.847,304822.21080231125,563006.6233518688,168.90198700556064
2025-10-13,515030.SH,SELL,1.839,304822.21080231125,560568.0456654504,168.1704136996351
2025-10-13,159819.SZ,BUY,1.476,379560.8441461866,560231.8059597714,168.0695417879314
2025-10-20,159819.SZ,SELL,1.408,379560.8441461866,534421.6685578307,160.3265005673492
2025-10-20,512400.SH,BUY,1.648,324090.4818419349,534101.1140755087,160.23033422265257
2025-11-10,512400.SH,SELL,1.746,324090.4818419349,565861.9812960183,169.75859438880548
2025-11-10,515790.SH,BUY,1.082,522664.1063807017,565522.5631039193,169.65676893117578
2025-11-24,515790.SH,SELL,0.927,522664.1063807017,484509.6266149105,145.35288798447314
2025-11-24,515030.SH,BUY,1.742,277967.28779669263,484219.0153418386,145.26570460255155
2025-12-01,515030.SH,SELL,1.814,277967.28779669263,504232.66006320046,151.26979801896013
2025-12-01,515790.SH,BUY,0.959,525474.6709361974,503930.2094278133,151.17906282834397
2025-12-08,515790.SH,SELL,0.966,525474.6709361974,507608.53212436667,152.28255963731
2025-12-08,512400.SH,BUY,1.806,280899.2569455032,507304.05804357876,152.19121741307362
2026-01-12,512400.SH,SELL,2.118,280899.2569455032,594944.6262105757,178.48338786317268
2026-01-12,512660.SH,BUY,1.682,353500.4510328366,594587.7586372311,178.37632759116931
2026-01-19,512660.SH,SELL,1.526,353500.4510328366,539441.6882761086,161.83250648283257
2026-01-19,512400.SH,BUY,2.177,247642.68503711215,539118.1253257932,161.73543759773793
2026-03-09,512400.SH,SELL,2.257,247642.68503711215,558929.5401287621,167.67886203862864
2026-03-09,512660.SH,BUY,1.493,374142.1843462657,558594.2812289747,167.57828436869238
2026-03-16,512660.SH,SELL,1.415,374142.1843462657,529411.1908499659,158.82335725498976
2026-03-16,512400.SH,BUY,2.126,248868.12890684308,529093.6420559484,158.7280926167845
2026-03-23,512400.SH,SELL,1.823,248868.12890684308,453686.59899717494,136.10597969915247
2026-04-13,515220.SH,BUY,1.206,375965.5683980086,453414.47548799834,136.02434264639948
2026-04-20,515220.SH,SELL,1.177,375965.5683980086,442511.47400445613,132.75344220133684
2026-04-20,515030.SH,BUY,2.012,219804.1986845869,442246.0477533889,132.67381432601664
2026-04-27,515030.SH,SELL,2.076,219804.1986845869,456313.51646920247,136.89405494076073
2026-04-27,515220.SH,BUY,1.254,363668.109433558,456039.80922968173,136.81194276890452
